-- phpMyAdmin SQL Dump
-- version 4.7.7
-- https://www.phpmyadmin.net/
--
-- Servidor: localhost:3306
-- Tiempo de generación: 18-10-2018 a las 19:00:03
-- Versión del servidor: 5.6.41-84.1
-- Versión de PHP: 5.6.30

SET SQL_MODE = "NO_AUTO_VALUE_ON_ZERO";
SET AUTOCOMMIT = 0;
START TRANSACTION;
SET time_zone = "+00:00";


/*!40101 SET @OLD_CHARACTER_SET_CLIENT=@@CHARACTER_SET_CLIENT */;
/*!40101 SET @OLD_CHARACTER_SET_RESULTS=@@CHARACTER_SET_RESULTS */;
/*!40101 SET @OLD_COLLATION_CONNECTION=@@COLLATION_CONNECTION */;
/*!40101 SET NAMES utf8mb4 */;

--
-- Base de datos: `owltie_ciistacna_00`
--

-- --------------------------------------------------------

--
-- Estructura de tabla para la tabla `assistence`
--

CREATE TABLE `assistence` (
  `id` int(10) UNSIGNED NOT NULL,
  `created_at` timestamp NULL DEFAULT NULL,
  `updated_at` timestamp NULL DEFAULT NULL,
  `date_assistence` timestamp NULL DEFAULT CURRENT_TIMESTAMP,
  `students_id` int(11) DEFAULT NULL,
  `schedules_id` int(11) DEFAULT NULL
) ENGINE=InnoDB DEFAULT CHARSET=utf8 COLLATE=utf8_unicode_ci;

--
-- Volcado de datos para la tabla `assistence`
--

INSERT INTO `assistence` (`id`, `created_at`, `updated_at`, `date_assistence`, `students_id`, `schedules_id`) VALUES
(53, '2018-09-14 13:28:24', '2018-09-14 13:28:24', '2018-09-14 13:28:24', 3, 2),
(54, '2018-09-14 13:28:41', '2018-09-14 13:28:41', '2018-09-14 13:28:41', 2, 2),
(55, '2018-09-14 13:29:04', '2018-09-14 13:29:04', '2018-09-14 13:29:04', 4, 2),
(56, '2018-09-14 13:30:11', '2018-09-14 13:30:11', '2018-09-14 13:30:11', 6, 2),
(57, '2018-09-14 13:30:35', '2018-09-14 13:30:35', '2018-09-14 13:30:35', 7, 2),
(58, '2018-09-14 13:31:11', '2018-09-14 13:31:11', '2018-09-14 13:31:11', 8, 2),
(59, '2018-09-14 13:31:51', '2018-09-14 13:31:51', '2018-09-14 13:31:51', 9, 2),
(60, '2018-09-14 13:32:28', '2018-09-14 13:32:28', '2018-09-14 13:32:28', 10, 2),
(61, '2018-09-14 13:33:09', '2018-09-14 13:33:09', '2018-09-14 13:33:09', 11, 2),
(62, '2018-09-14 13:33:33', '2018-09-14 13:33:33', '2018-09-14 13:33:33', 12, 2),
(63, '2018-09-14 13:33:54', '2018-09-14 13:33:54', '2018-09-14 13:33:54', 13, 2),
(64, '2018-09-14 13:34:14', '2018-09-14 13:34:14', '2018-09-14 13:34:14', 14, 2),
(65, '2018-09-14 13:34:33', '2018-09-14 13:34:33', '2018-09-14 13:34:33', 15, 2),
(66, '2018-09-14 13:34:53', '2018-09-14 13:34:53', '2018-09-14 13:34:53', 16, 2),
(67, '2018-09-14 13:35:12', '2018-09-14 13:35:12', '2018-09-14 13:35:12', 17, 2),
(68, '2018-09-14 13:35:58', '2018-09-14 13:35:58', '2018-09-14 13:35:58', 18, 2),
(69, '2018-09-14 13:36:28', '2018-09-14 13:36:28', '2018-09-14 13:36:28', 19, 2),
(70, '2018-09-14 13:36:54', '2018-09-14 13:36:54', '2018-09-14 13:36:54', 20, 2),
(71, '2018-09-14 13:37:56', '2018-09-14 13:37:56', '2018-09-14 13:37:56', 21, 2),
(72, '2018-09-14 13:41:39', '2018-09-14 13:41:39', '2018-09-14 13:41:39', 24, 2),
(73, '2018-09-14 13:41:51', '2018-09-14 13:41:51', '2018-09-14 13:41:51', 22, 2),
(74, '2018-09-14 13:42:32', '2018-09-14 13:42:32', '2018-09-14 13:42:32', 25, 2),
(75, '2018-09-14 13:47:11', '2018-09-14 13:47:11', '2018-09-14 13:47:11', 23, 2),
(76, '2018-09-14 13:47:58', '2018-09-14 13:47:58', '2018-09-14 13:47:58', 26, 2),
(77, '2018-09-14 13:50:51', '2018-09-14 13:50:51', '2018-09-14 13:50:51', 29, 2),
(78, '2018-09-14 13:51:14', '2018-09-14 13:51:14', '2018-09-14 13:51:14', 28, 2),
(79, '2018-09-14 13:51:30', '2018-09-14 13:51:30', '2018-09-14 13:51:30', 27, 2),
(80, '2018-09-14 13:51:44', '2018-09-14 13:51:44', '2018-09-14 13:51:44', 31, 2),
(81, '2018-09-14 13:51:54', '2018-09-14 13:51:54', '2018-09-14 13:51:54', 32, 2),
(82, '2018-09-14 13:52:03', '2018-09-14 13:52:03', '2018-09-14 13:52:03', 33, 2),
(83, '2018-09-14 13:52:21', '2018-09-14 13:52:21', '2018-09-14 13:52:21', 30, 2),
(84, '2018-09-14 13:52:32', '2018-09-14 13:52:32', '2018-09-14 13:52:32', 34, 2),
(85, '2018-09-14 13:54:15', '2018-09-14 13:54:15', '2018-09-14 13:54:15', 36, 2),
(86, '2018-09-14 13:55:22', '2018-09-14 13:55:22', '2018-09-14 13:55:22', 38, 2),
(87, '2018-09-14 13:55:34', '2018-09-14 13:55:34', '2018-09-14 13:55:34', 37, 2),
(88, '2018-09-14 13:56:02', '2018-09-14 13:56:02', '2018-09-14 13:56:02', 39, 2),
(89, '2018-09-14 13:56:42', '2018-09-14 13:56:42', '2018-09-14 13:56:42', 40, 2),
(90, '2018-09-14 13:57:35', '2018-09-14 13:57:35', '2018-09-14 13:57:35', 41, 2),
(91, '2018-09-14 13:57:55', '2018-09-14 13:57:55', '2018-09-14 13:57:55', 42, 2),
(92, '2018-09-14 13:59:21', '2018-09-14 13:59:21', '2018-09-14 13:59:21', 43, 2),
(93, '2018-09-14 13:59:41', '2018-09-14 13:59:41', '2018-09-14 13:59:41', 35, 2),
(94, '2018-09-14 14:00:31', '2018-09-14 14:00:31', '2018-09-14 14:00:31', 44, 2),
(95, '2018-09-14 14:01:10', '2018-09-14 14:01:10', '2018-09-14 14:01:10', 45, 2),
(96, '2018-09-14 14:01:50', '2018-09-14 14:01:50', '2018-09-14 14:01:50', 46, 2),
(97, '2018-09-14 14:02:39', '2018-09-14 14:02:39', '2018-09-14 14:02:39', 47, 2),
(98, '2018-09-14 14:03:18', '2018-09-14 14:03:18', '2018-09-14 14:03:18', 48, 2),
(99, '2018-09-14 14:04:34', '2018-09-14 14:04:34', '2018-09-14 14:04:34', 50, 2),
(100, '2018-09-14 14:04:49', '2018-09-14 14:04:49', '2018-09-14 14:04:49', 51, 2),
(101, '2018-09-14 14:05:09', '2018-09-14 14:05:09', '2018-09-14 14:05:09', 49, 2),
(102, '2018-09-14 14:05:19', '2018-09-14 14:05:19', '2018-09-14 14:05:19', 52, 2),
(103, '2018-09-14 14:05:40', '2018-09-14 14:05:40', '2018-09-14 14:05:40', 53, 2),
(104, '2018-09-14 14:06:16', '2018-09-14 14:06:16', '2018-09-14 14:06:16', 55, 2),
(105, '2018-09-14 14:06:25', '2018-09-14 14:06:25', '2018-09-14 14:06:25', 56, 2),
(106, '2018-09-14 14:06:47', '2018-09-14 14:06:47', '2018-09-14 14:06:47', 58, 2),
(107, '2018-09-14 14:07:18', '2018-09-14 14:07:18', '2018-09-14 14:07:18', 57, 2),
(108, '2018-09-14 14:07:29', '2018-09-14 14:07:29', '2018-09-14 14:07:29', 60, 2),
(109, '2018-09-14 14:07:39', '2018-09-14 14:07:39', '2018-09-14 14:07:39', 59, 2),
(110, '2018-09-14 14:08:02', '2018-09-14 14:08:02', '2018-09-14 14:08:02', 62, 2),
(111, '2018-09-14 14:08:14', '2018-09-14 14:08:14', '2018-09-14 14:08:14', 61, 2),
(112, '2018-09-14 14:08:33', '2018-09-14 14:08:33', '2018-09-14 14:08:33', 63, 2),
(113, '2018-09-14 14:08:48', '2018-09-14 14:08:48', '2018-09-14 14:08:48', 64, 2),
(114, '2018-09-14 14:09:01', '2018-09-14 14:09:01', '2018-09-14 14:09:01', 65, 2),
(115, '2018-09-14 14:09:21', '2018-09-14 14:09:21', '2018-09-14 14:09:21', 66, 2),
(116, '2018-09-14 14:09:49', '2018-09-14 14:09:49', '2018-09-14 14:09:49', 67, 2),
(117, '2018-09-14 14:10:03', '2018-09-14 14:10:03', '2018-09-14 14:10:03', 68, 2),
(118, '2018-09-14 14:10:21', '2018-09-14 14:10:21', '2018-09-14 14:10:21', 71, 2),
(119, '2018-09-14 14:10:29', '2018-09-14 14:10:29', '2018-09-14 14:10:29', 70, 2),
(120, '2018-09-14 14:10:53', '2018-09-14 14:10:53', '2018-09-14 14:10:53', 72, 2),
(121, '2018-09-14 14:11:04', '2018-09-14 14:11:04', '2018-09-14 14:11:04', 73, 2),
(122, '2018-09-14 14:11:44', '2018-09-14 14:11:44', '2018-09-14 14:11:44', 75, 2),
(123, '2018-09-14 14:11:55', '2018-09-14 14:11:55', '2018-09-14 14:11:55', 74, 2),
(124, '2018-09-14 14:12:55', '2018-09-14 14:12:55', '2018-09-14 14:12:55', 77, 2),
(125, '2018-09-14 14:13:08', '2018-09-14 14:13:08', '2018-09-14 14:13:08', 76, 2),
(126, '2018-09-14 14:13:24', '2018-09-14 14:13:24', '2018-09-14 14:13:24', 78, 2),
(127, '2018-09-14 14:13:40', '2018-09-14 14:13:40', '2018-09-14 14:13:40', 79, 2),
(128, '2018-09-14 14:14:16', '2018-09-14 14:14:16', '2018-09-14 14:14:16', 81, 2),
(129, '2018-09-14 14:14:38', '2018-09-14 14:14:38', '2018-09-14 14:14:38', 80, 2),
(130, '2018-09-14 14:15:03', '2018-09-14 14:15:03', '2018-09-14 14:15:03', 83, 2),
(131, '2018-09-14 14:15:12', '2018-09-14 14:15:12', '2018-09-14 14:15:12', 84, 2),
(132, '2018-09-14 14:15:22', '2018-09-14 14:15:22', '2018-09-14 14:15:22', 82, 2),
(133, '2018-09-14 14:15:33', '2018-09-14 14:15:33', '2018-09-14 14:15:33', 85, 2),
(134, '2018-09-14 14:15:39', '2018-09-14 14:15:39', '2018-09-14 14:15:39', 86, 2),
(135, '2018-09-14 14:16:07', '2018-09-14 14:16:07', '2018-09-14 14:16:07', 87, 2),
(136, '2018-09-14 14:16:33', '2018-09-14 14:16:33', '2018-09-14 14:16:33', 88, 2),
(137, '2018-09-14 14:16:50', '2018-09-14 14:16:50', '2018-09-14 14:16:50', 89, 2),
(138, '2018-09-14 14:17:13', '2018-09-14 14:17:13', '2018-09-14 14:17:13', 90, 2),
(139, '2018-09-14 14:17:30', '2018-09-14 14:17:30', '2018-09-14 14:17:30', 91, 2),
(140, '2018-09-14 14:17:42', '2018-09-14 14:17:42', '2018-09-14 14:17:42', 92, 2),
(141, '2018-09-14 14:18:02', '2018-09-14 14:18:02', '2018-09-14 14:18:02', 93, 2),
(142, '2018-09-14 14:18:22', '2018-09-14 14:18:22', '2018-09-14 14:18:22', 94, 2),
(143, '2018-09-14 14:18:33', '2018-09-14 14:18:33', '2018-09-14 14:18:33', 95, 2),
(144, '2018-09-14 14:19:51', '2018-09-14 14:19:51', '2018-09-14 14:19:51', 98, 2),
(145, '2018-09-14 14:20:13', '2018-09-14 14:20:13', '2018-09-14 14:20:13', 99, 2),
(146, '2018-09-14 14:22:12', '2018-09-14 14:22:12', '2018-09-14 14:22:12', 96, 2),
(147, '2018-09-14 14:22:21', '2018-09-14 14:22:21', '2018-09-14 14:22:21', 97, 2),
(148, '2018-09-14 14:22:41', '2018-09-14 14:22:41', '2018-09-14 14:22:41', 100, 2),
(149, '2018-09-14 14:23:02', '2018-09-14 14:23:02', '2018-09-14 14:23:02', 101, 2),
(150, '2018-09-14 14:23:36', '2018-09-14 14:23:36', '2018-09-14 14:23:36', 102, 2),
(151, '2018-09-14 14:24:05', '2018-09-14 14:24:05', '2018-09-14 14:24:05', 103, 2),
(152, '2018-09-14 14:24:33', '2018-09-14 14:24:33', '2018-09-14 14:24:33', 104, 2),
(153, '2018-09-14 14:25:08', '2018-09-14 14:25:08', '2018-09-14 14:25:08', 105, 2),
(154, '2018-09-14 14:27:49', '2018-09-14 14:27:49', '2018-09-14 14:27:49', 106, 2),
(155, '2018-09-14 14:28:26', '2018-09-14 14:28:26', '2018-09-14 14:28:26', 107, 2),
(156, '2018-09-14 14:29:01', '2018-09-14 14:29:01', '2018-09-14 14:29:01', 108, 2),
(157, '2018-09-14 14:29:13', '2018-09-14 14:29:13', '2018-09-14 14:29:13', 109, 2),
(158, '2018-09-14 14:30:23', '2018-09-14 14:30:23', '2018-09-14 14:30:23', 110, 2),
(159, '2018-09-14 14:30:59', '2018-09-14 14:30:59', '2018-09-14 14:30:59', 111, 2),
(160, '2018-09-14 14:32:04', '2018-09-14 14:32:04', '2018-09-14 14:32:04', 112, 2),
(161, '2018-09-14 14:32:59', '2018-09-14 14:32:59', '2018-09-14 14:32:59', 113, 2),
(162, '2018-09-14 14:37:24', '2018-09-14 14:37:24', '2018-09-14 14:37:24', 114, 2),
(163, '2018-09-14 14:38:44', '2018-09-14 14:38:44', '2018-09-14 14:38:44', 115, 2),
(164, '2018-09-14 14:40:16', '2018-09-14 14:40:16', '2018-09-14 14:40:16', 116, 2),
(165, '2018-09-14 14:41:49', '2018-09-14 14:41:49', '2018-09-14 14:41:49', 117, 2),
(166, '2018-09-14 14:46:09', '2018-09-14 14:46:09', '2018-09-14 14:46:09', 118, 2),
(167, '2018-09-14 14:53:26', '2018-09-14 14:53:26', '2018-09-14 14:53:26', 119, 2),
(168, '2018-09-14 15:03:34', '2018-09-14 15:03:34', '2018-09-14 15:03:34', 120, 2),
(169, '2018-09-14 15:03:47', '2018-09-14 15:03:47', '2018-09-14 15:03:47', 121, 2),
(170, '2018-09-14 15:04:21', '2018-09-14 15:04:21', '2018-09-14 15:04:21', 122, 2),
(171, '2018-09-14 15:05:08', '2018-09-14 15:05:08', '2018-09-14 15:05:08', 123, 2),
(172, '2018-09-14 15:06:17', '2018-09-14 15:06:17', '2018-09-14 15:06:17', 124, 2),
(173, '2018-09-14 15:07:20', '2018-09-14 15:07:20', '2018-09-14 15:07:20', 125, 2),
(174, '2018-09-14 15:12:53', '2018-09-14 15:12:53', '2018-09-14 15:12:53', 126, 2),
(175, '2018-09-14 15:13:39', '2018-09-14 15:13:39', '2018-09-14 15:13:39', 128, 2),
(176, '2018-09-14 15:13:56', '2018-09-14 15:13:56', '2018-09-14 15:13:56', 127, 2),
(177, '2018-09-14 15:16:04', '2018-09-14 15:16:04', '2018-09-14 15:16:04', 129, 2),
(178, '2018-09-14 15:18:45', '2018-09-14 15:18:45', '2018-09-14 15:18:45', 130, 2),
(179, '2018-09-14 15:20:44', '2018-09-14 15:20:44', '2018-09-14 15:20:44', 131, 2),
(180, '2018-09-14 15:20:56', '2018-09-14 15:20:56', '2018-09-14 15:20:56', 132, 2),
(181, '2018-09-14 15:21:20', '2018-09-14 15:21:20', '2018-09-14 15:21:20', 133, 2),
(182, '2018-09-14 15:30:36', '2018-09-14 15:30:36', '2018-09-14 15:30:36', 134, 2),
(189, '2018-09-14 16:18:08', '2018-09-14 16:18:08', '2018-09-14 16:18:08', 135, 2),
(190, '2018-09-14 19:40:33', '2018-09-14 19:40:33', '2018-09-14 19:40:33', 136, 1),
(191, '2018-09-14 19:41:41', '2018-09-14 19:41:41', '2018-09-14 19:41:41', 43, 1),
(192, '2018-09-14 19:43:31', '2018-09-14 19:43:31', '2018-09-14 19:43:31', 31, 1),
(193, '2018-09-14 19:45:19', '2018-09-14 19:45:19', '2018-09-14 19:45:19', 137, 1),
(194, '2018-09-14 19:51:31', '2018-09-14 19:51:31', '2018-09-14 19:51:31', 53, 1),
(195, '2018-09-14 19:51:39', '2018-09-14 19:51:39', '2018-09-14 19:51:39', 72, 1),
(196, '2018-09-14 19:53:49', '2018-09-14 19:53:49', '2018-09-14 19:53:49', 138, 1),
(197, '2018-09-14 19:54:56', '2018-09-14 19:54:56', '2018-09-14 19:54:56', 115, 1),
(198, '2018-09-14 19:56:46', '2018-09-14 19:56:46', '2018-09-14 19:56:46', 134, 1),
(199, '2018-09-14 19:56:57', '2018-09-14 19:56:57', '2018-09-14 19:56:57', 85, 1),
(200, '2018-09-14 19:57:25', '2018-09-14 19:57:25', '2018-09-14 19:57:25', 93, 1),
(201, '2018-09-14 19:57:27', '2018-09-14 19:57:27', '2018-09-14 19:57:27', 59, 1),
(202, '2018-09-14 19:57:33', '2018-09-14 19:57:33', '2018-09-14 19:57:33', 20, 1),
(203, '2018-09-14 19:57:38', '2018-09-14 19:57:38', '2018-09-14 19:57:38', 61, 1),
(204, '2018-09-14 19:57:43', '2018-09-14 19:57:43', '2018-09-14 19:57:43', 35, 1),
(205, '2018-09-14 19:57:49', '2018-09-14 19:57:49', '2018-09-14 19:57:49', 28, 1),
(206, '2018-09-14 19:57:51', '2018-09-14 19:57:51', '2018-09-14 19:57:51', 64, 1),
(207, '2018-09-14 19:57:57', '2018-09-14 19:57:57', '2018-09-14 19:57:57', 56, 1),
(208, '2018-09-14 19:58:05', '2018-09-14 19:58:05', '2018-09-14 19:58:05', 82, 1),
(209, '2018-09-14 19:58:13', '2018-09-14 19:58:13', '2018-09-14 19:58:13', 19, 1),
(210, '2018-09-14 19:58:20', '2018-09-14 19:58:20', '2018-09-14 19:58:20', 77, 1),
(211, '2018-09-14 19:58:31', '2018-09-14 19:58:31', '2018-09-14 19:58:31', 17, 1),
(212, '2018-09-14 19:59:06', '2018-09-14 19:59:06', '2018-09-14 19:59:06', 106, 1),
(213, '2018-09-14 19:59:10', '2018-09-14 19:59:10', '2018-09-14 19:59:10', 10, 1),
(214, '2018-09-14 19:59:47', '2018-09-14 19:59:47', '2018-09-14 19:59:47', 71, 1),
(215, '2018-09-14 19:59:51', '2018-09-14 19:59:51', '2018-09-14 19:59:51', 68, 1),
(216, '2018-09-14 19:59:58', '2018-09-14 19:59:58', '2018-09-14 19:59:58', 70, 1),
(217, '2018-09-14 20:00:01', '2018-09-14 20:00:01', '2018-09-14 20:00:01', 45, 1),
(218, '2018-09-14 20:00:04', '2018-09-14 20:00:04', '2018-09-14 20:00:04', 65, 1),
(219, '2018-09-14 20:00:07', '2018-09-14 20:00:07', '2018-09-14 20:00:07', 126, 1),
(220, '2018-09-14 20:00:13', '2018-09-14 20:00:13', '2018-09-14 20:00:13', 47, 1),
(221, '2018-09-14 20:00:15', '2018-09-14 20:00:15', '2018-09-14 20:00:15', 60, 1),
(222, '2018-09-14 20:00:22', '2018-09-14 20:00:22', '2018-09-14 20:00:22', 46, 1),
(223, '2018-09-14 20:00:24', '2018-09-14 20:00:24', '2018-09-14 20:00:24', 44, 1),
(224, '2018-09-14 20:00:31', '2018-09-14 20:00:31', '2018-09-14 20:00:31', 111, 1),
(225, '2018-09-14 20:00:42', '2018-09-14 20:00:42', '2018-09-14 20:00:42', 141, 1),
(226, '2018-09-14 20:00:51', '2018-09-14 20:00:51', '2018-09-14 20:00:51', 139, 1),
(227, '2018-09-14 20:01:01', '2018-09-14 20:01:01', '2018-09-14 20:01:01', 140, 1),
(228, '2018-09-14 20:01:07', '2018-09-14 20:01:07', '2018-09-14 20:01:07', 142, 1),
(229, '2018-09-14 20:01:11', '2018-09-14 20:01:11', '2018-09-14 20:01:11', 78, 1),
(230, '2018-09-14 20:01:20', '2018-09-14 20:01:20', '2018-09-14 20:01:20', 76, 1),
(231, '2018-09-14 20:01:35', '2018-09-14 20:01:35', '2018-09-14 20:01:35', 143, 1),
(232, '2018-09-14 20:01:37', '2018-09-14 20:01:37', '2018-09-14 20:01:37', 75, 1),
(233, '2018-09-14 20:01:54', '2018-09-14 20:01:54', '2018-09-14 20:01:54', 144, 1),
(234, '2018-09-14 20:02:17', '2018-09-14 20:02:17', '2018-09-14 20:02:17', 62, 1),
(235, '2018-09-14 20:02:25', '2018-09-14 20:02:25', '2018-09-14 20:02:25', 6, 1),
(236, '2018-09-14 20:02:30', '2018-09-14 20:02:30', '2018-09-14 20:02:30', 7, 1),
(237, '2018-09-14 20:02:48', '2018-09-14 20:02:48', '2018-09-14 20:02:48', 73, 1),
(238, '2018-09-14 20:03:28', '2018-09-14 20:03:28', '2018-09-14 20:03:28', 27, 1),
(239, '2018-09-14 20:05:29', '2018-09-14 20:05:29', '2018-09-14 20:05:29', 51, 1),
(240, '2018-09-14 20:06:32', '2018-09-14 20:06:32', '2018-09-14 20:06:32', 145, 1),
(241, '2018-09-14 20:07:01', '2018-09-14 20:07:01', '2018-09-14 20:07:01', 95, 1),
(242, '2018-09-14 20:07:34', '2018-09-14 20:07:34', '2018-09-14 20:07:34', 18, 1),
(243, '2018-09-14 20:10:46', '2018-09-14 20:10:46', '2018-09-14 20:10:46', 80, 1),
(244, '2018-09-14 20:10:52', '2018-09-14 20:10:52', '2018-09-14 20:10:52', 79, 1),
(245, '2018-09-14 20:12:01', '2018-09-14 20:12:01', '2018-09-14 20:12:01', 108, 1),
(246, '2018-09-14 20:12:10', '2018-09-14 20:12:10', '2018-09-14 20:12:10', 57, 1),
(247, '2018-09-14 20:12:20', '2018-09-14 20:12:20', '2018-09-14 20:12:20', 146, 1),
(248, '2018-09-14 20:12:57', '2018-09-14 20:12:57', '2018-09-14 20:12:57', 147, 1),
(249, '2018-09-14 20:13:28', '2018-09-14 20:13:28', '2018-09-14 20:13:28', 148, 1),
(250, '2018-09-14 20:13:45', '2018-09-14 20:13:45', '2018-09-14 20:13:45', 8, 1),
(251, '2018-09-14 20:13:58', '2018-09-14 20:13:58', '2018-09-14 20:13:58', 58, 1),
(252, '2018-09-14 20:14:06', '2018-09-14 20:14:06', '2018-09-14 20:14:06', 2, 1),
(253, '2018-09-14 20:15:01', '2018-09-14 20:15:01', '2018-09-14 20:15:01', 150, 1),
(254, '2018-09-14 20:17:03', '2018-09-14 20:17:03', '2018-09-14 20:17:03', 151, 1),
(255, '2018-09-14 20:17:21', '2018-09-14 20:17:21', '2018-09-14 20:17:21', 149, 1),
(256, '2018-09-14 20:17:38', '2018-09-14 20:17:38', '2018-09-14 20:17:38', 114, 1),
(257, '2018-09-14 20:17:52', '2018-09-14 20:17:52', '2018-09-14 20:17:52', 152, 1),
(258, '2018-09-14 20:18:25', '2018-09-14 20:18:25', '2018-09-14 20:18:25', 98, 1),
(259, '2018-09-14 20:20:01', '2018-09-14 20:20:01', '2018-09-14 20:20:01', 15, 1),
(260, '2018-09-14 20:20:09', '2018-09-14 20:20:09', '2018-09-14 20:20:09', 107, 1),
(261, '2018-09-14 20:20:15', '2018-09-14 20:20:15', '2018-09-14 20:20:15', 102, 1),
(262, '2018-09-14 20:23:10', '2018-09-14 20:23:10', '2018-09-14 20:23:10', 153, 1),
(263, '2018-09-14 20:24:10', '2018-09-14 20:24:10', '2018-09-14 20:24:10', 89, 1),
(264, '2018-09-14 20:24:19', '2018-09-14 20:24:19', '2018-09-14 20:24:19', 50, 1),
(265, '2018-09-14 20:24:50', '2018-09-14 20:24:50', '2018-09-14 20:24:50', 25, 1),
(266, '2018-09-14 20:25:32', '2018-09-14 20:25:32', '2018-09-14 20:25:32', 154, 1),
(267, '2018-09-14 20:26:42', '2018-09-14 20:26:42', '2018-09-14 20:26:42', 37, 1),
(268, '2018-09-14 20:27:39', '2018-09-14 20:27:39', '2018-09-14 20:27:39', 155, 1),
(269, '2018-09-14 20:27:45', '2018-09-14 20:27:45', '2018-09-14 20:27:45', 11, 1),
(270, '2018-09-14 20:28:12', '2018-09-14 20:28:12', '2018-09-14 20:28:12', 13, 1),
(271, '2018-09-14 20:28:28', '2018-09-14 20:28:28', '2018-09-14 20:28:28', 156, 1),
(272, '2018-09-14 20:28:53', '2018-09-14 20:28:53', '2018-09-14 20:28:53', 49, 1),
(273, '2018-09-14 20:32:20', '2018-09-14 20:32:20', '2018-09-14 20:32:20', 117, 1),
(274, '2018-09-14 20:33:24', '2018-09-14 20:33:24', '2018-09-14 20:33:24', 100, 1),
(275, '2018-09-14 20:34:23', '2018-09-14 20:34:23', '2018-09-14 20:34:23', 83, 1),
(276, '2018-09-14 20:34:41', '2018-09-14 20:34:41', '2018-09-14 20:34:41', 34, 1),
(277, '2018-09-14 20:37:52', '2018-09-14 20:37:52', '2018-09-14 20:37:52', 135, 1),
(278, '2018-09-14 20:38:15', '2018-09-14 20:38:15', '2018-09-14 20:38:15', 26, 1),
(279, '2018-09-14 20:38:20', '2018-09-14 20:38:20', '2018-09-14 20:38:20', 67, 1),
(280, '2018-09-14 20:38:23', '2018-09-14 20:38:23', '2018-09-14 20:38:23', 74, 1),
(281, '2018-09-14 20:39:31', '2018-09-14 20:39:31', '2018-09-14 20:39:31', 48, 1),
(282, '2018-09-14 20:41:17', '2018-09-14 20:41:17', '2018-09-14 20:41:17', 63, 1),
(283, '2018-09-14 20:41:26', '2018-09-14 20:41:26', '2018-09-14 20:41:26', 86, 1),
(284, '2018-09-14 20:42:47', '2018-09-14 20:42:47', '2018-09-14 20:42:47', 91, 1),
(285, '2018-09-14 20:42:52', '2018-09-14 20:42:52', '2018-09-14 20:42:52', 123, 1),
(286, '2018-09-14 20:48:48', '2018-09-14 20:48:48', '2018-09-14 20:48:48', 21, 1),
(287, '2018-09-14 20:51:27', '2018-09-14 20:51:27', '2018-09-14 20:51:27', 157, 1),
(288, '2018-09-14 20:52:57', '2018-09-14 20:52:57', '2018-09-14 20:52:57', 122, 1),
(289, '2018-09-14 20:53:10', '2018-09-14 20:53:10', '2018-09-14 20:53:10', 14, 1),
(290, '2018-09-14 20:55:13', '2018-09-14 20:55:13', '2018-09-14 20:55:13', 90, 1),
(291, '2018-09-14 20:55:45', '2018-09-14 20:55:45', '2018-09-14 20:55:45', 88, 1),
(292, '2018-09-14 20:59:46', '2018-09-14 20:59:46', '2018-09-14 20:59:46', 5, 1),
(293, '2018-09-14 20:59:54', '2018-09-14 20:59:54', '2018-09-14 20:59:54', 118, 1),
(294, '2018-09-14 21:01:10', '2018-09-14 21:01:10', '2018-09-14 21:01:10', 96, 1),
(295, '2018-09-14 21:03:32', '2018-09-14 21:03:32', '2018-09-14 21:03:32', 158, 1),
(296, '2018-09-14 21:04:48', '2018-09-14 21:04:48', '2018-09-14 21:04:48', 81, 1),
(297, '2018-09-14 21:15:25', '2018-09-14 21:15:25', '2018-09-14 21:15:25', 84, 1),
(298, '2018-09-14 21:23:02', '2018-09-14 21:23:02', '2018-09-14 21:23:02', 127, 1),
(299, '2018-09-14 21:35:49', '2018-09-14 21:35:49', '2018-09-14 21:35:49', 159, 1),
(300, '2018-09-14 21:37:16', '2018-09-14 21:37:16', '2018-09-14 21:37:16', 116, 1),
(301, '2018-09-14 21:43:11', '2018-09-14 21:43:11', '2018-09-14 21:43:11', 124, 1),
(302, '2018-09-14 22:02:42', '2018-09-14 22:02:42', '2018-09-14 22:02:42', 110, 1),
(303, '2018-09-14 22:14:09', '2018-09-14 22:14:09', '2018-09-14 22:14:09', 101, 1),
(304, '2018-09-14 22:23:12', '2018-09-14 22:23:12', '2018-09-14 22:23:12', 104, 1),
(305, '2018-09-14 22:23:18', '2018-09-14 22:23:18', '2018-09-14 22:23:18', 133, 1);

-- --------------------------------------------------------

--
-- Estructura de tabla para la tabla `categories`
--

CREATE TABLE `categories` (
  `id` int(10) UNSIGNED NOT NULL,
  `parent_id` int(10) UNSIGNED DEFAULT NULL,
  `order` int(11) NOT NULL DEFAULT '1',
  `name` varchar(191) COLLATE utf8_unicode_ci NOT NULL,
  `slug` varchar(191) COLLATE utf8_unicode_ci NOT NULL,
  `created_at` timestamp NULL DEFAULT NULL,
  `updated_at` timestamp NULL DEFAULT NULL
) ENGINE=InnoDB DEFAULT CHARSET=utf8 COLLATE=utf8_unicode_ci ROW_FORMAT=DYNAMIC;

-- --------------------------------------------------------

--
-- Estructura de tabla para la tabla `data_rows`
--

CREATE TABLE `data_rows` (
  `id` int(10) UNSIGNED NOT NULL,
  `data_type_id` int(10) UNSIGNED NOT NULL,
  `field` varchar(191) COLLATE utf8_unicode_ci NOT NULL,
  `type` varchar(191) COLLATE utf8_unicode_ci NOT NULL,
  `display_name` varchar(191) COLLATE utf8_unicode_ci NOT NULL,
  `required` tinyint(1) NOT NULL DEFAULT '0',
  `browse` tinyint(1) NOT NULL DEFAULT '1',
  `read` tinyint(1) NOT NULL DEFAULT '1',
  `edit` tinyint(1) NOT NULL DEFAULT '1',
  `add` tinyint(1) NOT NULL DEFAULT '1',
  `delete` tinyint(1) NOT NULL DEFAULT '1',
  `details` text COLLATE utf8_unicode_ci,
  `order` int(11) NOT NULL DEFAULT '1'
) ENGINE=InnoDB DEFAULT CHARSET=utf8 COLLATE=utf8_unicode_ci ROW_FORMAT=DYNAMIC;

--
-- Volcado de datos para la tabla `data_rows`
--

INSERT INTO `data_rows` (`id`, `data_type_id`, `field`, `type`, `display_name`, `required`, `browse`, `read`, `edit`, `add`, `delete`, `details`, `order`) VALUES
(1, 1, 'id', 'number', 'ID', 1, 0, 0, 0, 0, 0, '', 1),
(2, 1, 'name', 'text', 'Name', 1, 1, 1, 1, 1, 1, '', 2),
(3, 1, 'email', 'text', 'Email', 1, 1, 1, 1, 1, 1, '', 3),
(4, 1, 'password', 'password', 'Password', 1, 0, 0, 1, 1, 0, '', 4),
(5, 1, 'remember_token', 'text', 'Remember Token', 0, 0, 0, 0, 0, 0, '', 5),
(6, 1, 'created_at', 'timestamp', 'Created At', 0, 1, 1, 0, 0, 0, '', 6),
(7, 1, 'updated_at', 'timestamp', 'Updated At', 0, 0, 0, 0, 0, 0, '', 7),
(8, 1, 'avatar', 'image', 'Avatar', 0, 1, 1, 1, 1, 1, '', 8),
(9, 1, 'user_belongsto_role_relationship', 'relationship', 'Role', 0, 1, 1, 1, 1, 0, '{\"model\":\"TCG\\\\Voyager\\\\Models\\\\Role\",\"table\":\"roles\",\"type\":\"belongsTo\",\"column\":\"role_id\",\"key\":\"id\",\"label\":\"display_name\",\"pivot_table\":\"roles\",\"pivot\":\"0\"}', 10),
(10, 1, 'user_belongstomany_role_relationship', 'relationship', 'Roles', 0, 1, 1, 1, 1, 0, '{\"model\":\"TCG\\\\Voyager\\\\Models\\\\Role\",\"table\":\"roles\",\"type\":\"belongsToMany\",\"column\":\"id\",\"key\":\"id\",\"label\":\"display_name\",\"pivot_table\":\"user_roles\",\"pivot\":\"1\",\"taggable\":\"0\"}', 11),
(11, 1, 'locale', 'text', 'Locale', 0, 1, 1, 1, 1, 0, '', 12),
(12, 1, 'settings', 'hidden', 'Settings', 0, 0, 0, 0, 0, 0, '', 12),
(13, 2, 'id', 'number', 'ID', 1, 0, 0, 0, 0, 0, '', 1),
(14, 2, 'name', 'text', 'Name', 1, 1, 1, 1, 1, 1, '', 2),
(15, 2, 'created_at', 'timestamp', 'Created At', 0, 0, 0, 0, 0, 0, '', 3),
(16, 2, 'updated_at', 'timestamp', 'Updated At', 0, 0, 0, 0, 0, 0, '', 4),
(17, 3, 'id', 'number', 'ID', 1, 0, 0, 0, 0, 0, '', 1),
(18, 3, 'name', 'text', 'Name', 1, 1, 1, 1, 1, 1, '', 2),
(19, 3, 'created_at', 'timestamp', 'Created At', 0, 0, 0, 0, 0, 0, '', 3),
(20, 3, 'updated_at', 'timestamp', 'Updated At', 0, 0, 0, 0, 0, 0, '', 4),
(21, 3, 'display_name', 'text', 'Display Name', 1, 1, 1, 1, 1, 1, '', 5),
(22, 1, 'role_id', 'text', 'Role', 1, 1, 1, 1, 1, 1, '', 9),
(23, 4, 'id', 'number', 'ID', 1, 0, 0, 0, 0, 0, '', 1),
(24, 4, 'parent_id', 'select_dropdown', 'Parent', 0, 0, 1, 1, 1, 1, '{\"default\":\"\",\"null\":\"\",\"options\":{\"\":\"-- None --\"},\"relationship\":{\"key\":\"id\",\"label\":\"name\"}}', 2),
(25, 4, 'order', 'text', 'Order', 1, 1, 1, 1, 1, 1, '{\"default\":1}', 3),
(26, 4, 'name', 'text', 'Name', 1, 1, 1, 1, 1, 1, '', 4),
(27, 4, 'slug', 'text', 'Slug', 1, 1, 1, 1, 1, 1, '{\"slugify\":{\"origin\":\"name\"}}', 5),
(28, 4, 'created_at', 'timestamp', 'Created At', 0, 0, 1, 0, 0, 0, '', 6),
(29, 4, 'updated_at', 'timestamp', 'Updated At', 0, 0, 0, 0, 0, 0, '', 7),
(30, 5, 'id', 'number', 'ID', 1, 0, 0, 0, 0, 0, '', 1),
(31, 5, 'author_id', 'text', 'Author', 1, 0, 1, 1, 0, 1, '', 2),
(32, 5, 'category_id', 'text', 'Category', 1, 0, 1, 1, 1, 0, '', 3),
(33, 5, 'title', 'text', 'Title', 1, 1, 1, 1, 1, 1, '', 4),
(34, 5, 'excerpt', 'text_area', 'Excerpt', 1, 0, 1, 1, 1, 1, '', 5),
(35, 5, 'body', 'rich_text_box', 'Body', 1, 0, 1, 1, 1, 1, '', 6),
(36, 5, 'image', 'image', 'Post Image', 0, 1, 1, 1, 1, 1, '{\"resize\":{\"width\":\"1000\",\"height\":\"null\"},\"quality\":\"70%\",\"upsize\":true,\"thumbnails\":[{\"name\":\"medium\",\"scale\":\"50%\"},{\"name\":\"small\",\"scale\":\"25%\"},{\"name\":\"cropped\",\"crop\":{\"width\":\"300\",\"height\":\"250\"}}]}', 7),
(37, 5, 'slug', 'text', 'Slug', 1, 0, 1, 1, 1, 1, '{\"slugify\":{\"origin\":\"title\",\"forceUpdate\":true},\"validation\":{\"rule\":\"unique:posts,slug\"}}', 8),
(38, 5, 'meta_description', 'text_area', 'Meta Description', 1, 0, 1, 1, 1, 1, '', 9),
(39, 5, 'meta_keywords', 'text_area', 'Meta Keywords', 1, 0, 1, 1, 1, 1, '', 10),
(40, 5, 'status', 'select_dropdown', 'Status', 1, 1, 1, 1, 1, 1, '{\"default\":\"DRAFT\",\"options\":{\"PUBLISHED\":\"published\",\"DRAFT\":\"draft\",\"PENDING\":\"pending\"}}', 11),
(41, 5, 'created_at', 'timestamp', 'Created At', 0, 1, 1, 0, 0, 0, '', 12),
(42, 5, 'updated_at', 'timestamp', 'Updated At', 0, 0, 0, 0, 0, 0, '', 13),
(43, 5, 'seo_title', 'text', 'SEO Title', 0, 1, 1, 1, 1, 1, '', 14),
(44, 5, 'featured', 'checkbox', 'Featured', 1, 1, 1, 1, 1, 1, '', 15),
(45, 6, 'id', 'number', 'ID', 1, 0, 0, 0, 0, 0, '', 1),
(46, 6, 'author_id', 'text', 'Author', 1, 0, 0, 0, 0, 0, '', 2),
(47, 6, 'title', 'text', 'Title', 1, 1, 1, 1, 1, 1, '', 3),
(48, 6, 'excerpt', 'text_area', 'Excerpt', 1, 0, 1, 1, 1, 1, '', 4),
(49, 6, 'body', 'rich_text_box', 'Body', 1, 0, 1, 1, 1, 1, '', 5),
(50, 6, 'slug', 'text', 'Slug', 1, 0, 1, 1, 1, 1, '{\"slugify\":{\"origin\":\"title\"},\"validation\":{\"rule\":\"unique:pages,slug\"}}', 6),
(51, 6, 'meta_description', 'text', 'Meta Description', 1, 0, 1, 1, 1, 1, '', 7),
(52, 6, 'meta_keywords', 'text', 'Meta Keywords', 1, 0, 1, 1, 1, 1, '', 8),
(53, 6, 'status', 'select_dropdown', 'Status', 1, 1, 1, 1, 1, 1, '{\"default\":\"INACTIVE\",\"options\":{\"INACTIVE\":\"INACTIVE\",\"ACTIVE\":\"ACTIVE\"}}', 9),
(54, 6, 'created_at', 'timestamp', 'Created At', 1, 1, 1, 0, 0, 0, '', 10),
(55, 6, 'updated_at', 'timestamp', 'Updated At', 1, 0, 0, 0, 0, 0, '', 11),
(56, 6, 'image', 'image', 'Page Image', 0, 1, 1, 1, 1, 1, '', 12),
(57, 8, 'id', 'text', 'Id', 1, 0, 0, 0, 0, 0, NULL, 1),
(60, 8, 'email', 'text', 'Email', 0, 1, 1, 1, 1, 1, NULL, 4),
(61, 8, 'dni', 'text', 'Dni', 0, 1, 1, 1, 1, 1, NULL, 5),
(68, 8, 'created_at', 'timestamp', 'Created At', 0, 1, 1, 1, 0, 1, NULL, 12),
(69, 8, 'updated_at', 'timestamp', 'Updated At', 0, 0, 0, 0, 0, 0, NULL, 13),
(70, 8, 'nombre', 'text', 'Nombre', 0, 1, 1, 1, 1, 1, NULL, 2),
(71, 8, 'apellido', 'text', 'Apellido', 0, 1, 1, 1, 1, 1, NULL, 3),
(72, 8, 'tipo_inscripcion', 'text', 'Tipo Inscripcion', 0, 1, 1, 1, 1, 1, NULL, 6),
(73, 8, 'ciudad', 'text', 'Ciudad', 0, 1, 1, 1, 1, 1, NULL, 7),
(74, 8, 'instituto', 'text', 'Instituto', 0, 1, 1, 1, 1, 1, NULL, 8),
(75, 8, 'telefono', 'text', 'Telefono', 0, 1, 1, 1, 1, 1, NULL, 9),
(76, 8, 'celular', 'text', 'Celular', 0, 1, 1, 1, 1, 1, NULL, 10),
(77, 8, 'imagen', 'text', 'Imagen', 0, 1, 1, 1, 1, 1, NULL, 11),
(78, 9, 'id', 'text', 'Id', 1, 0, 0, 0, 0, 0, NULL, 1),
(79, 9, 'created_at', 'timestamp', 'Created At', 0, 0, 0, 0, 0, 0, NULL, 2),
(80, 9, 'updated_at', 'timestamp', 'Updated At', 0, 0, 0, 0, 0, 0, NULL, 3),
(81, 9, 'date_assistence', 'timestamp', 'Fecha_Asistencia', 0, 1, 1, 1, 0, 1, NULL, 4),
(82, 9, 'students_id', 'text', 'Estudiante', 0, 1, 1, 1, 1, 1, NULL, 5),
(83, 9, 'schedules_id', 'text', 'Turno', 0, 1, 1, 1, 1, 1, NULL, 6),
(84, 10, 'id', 'text', 'Id', 1, 1, 0, 0, 0, 0, NULL, 1),
(85, 10, 'created_at', 'timestamp', 'Created At', 0, 0, 0, 0, 0, 0, NULL, 2),
(86, 10, 'updated_at', 'timestamp', 'Updated At', 0, 0, 0, 0, 0, 0, NULL, 3),
(87, 10, 'name', 'text', 'Turno', 0, 1, 1, 1, 1, 1, NULL, 4),
(95, 10, 'schedule_belongstomany_assistence_relationship', 'relationship', 'Estudiantes', 0, 1, 1, 1, 1, 1, '{\"model\":\"App\\\\Students\",\"table\":\"students\",\"type\":\"belongsToMany\",\"column\":\"id\",\"key\":\"id\",\"label\":\"name\",\"pivot_table\":\"assistence\",\"pivot\":\"1\",\"taggable\":\"0\"}', 5),
(96, 10, 'schedule_hasmany_assistence_relationship', 'relationship', 'Asistencia', 0, 1, 1, 1, 1, 1, '{\"model\":\"App\\\\Assistence\",\"table\":\"assistence\",\"type\":\"hasMany\",\"column\":\"schedules_id\",\"key\":\"id\",\"label\":\"date_assistence\",\"pivot_table\":\"assistence\",\"pivot\":\"0\",\"taggable\":\"0\"}', 6),
(97, 9, 'assistence_belongsto_schedule_relationship', 'relationship', 'Horario', 0, 1, 1, 1, 1, 1, '{\"model\":\"App\\\\Schedules\",\"table\":\"schedules\",\"type\":\"belongsTo\",\"column\":\"schedules_id\",\"key\":\"id\",\"label\":\"name\",\"pivot_table\":\"assistence\",\"pivot\":\"0\",\"taggable\":\"0\"}', 7),
(98, 9, 'assistence_belongsto_student_relationship', 'relationship', 'Estudiante', 0, 1, 1, 1, 1, 1, '{\"model\":\"App\\\\Students\",\"table\":\"students\",\"type\":\"belongsTo\",\"column\":\"students_id\",\"key\":\"id\",\"label\":\"name\",\"pivot_table\":\"assistence\",\"pivot\":\"0\",\"taggable\":\"0\"}', 8),
(116, 15, 'id', 'text', 'Id', 1, 1, 1, 0, 0, 0, NULL, 1),
(117, 15, 'created_at', 'timestamp', 'Created At', 0, 0, 0, 0, 0, 0, NULL, 2),
(118, 15, 'updated_at', 'timestamp', 'Updated At', 0, 0, 0, 0, 0, 0, NULL, 3),
(119, 15, 'name', 'text', 'Name', 0, 1, 1, 1, 1, 1, NULL, 4);

-- --------------------------------------------------------

--
-- Estructura de tabla para la tabla `data_types`
--

CREATE TABLE `data_types` (
  `id` int(10) UNSIGNED NOT NULL,
  `name` varchar(191) COLLATE utf8_unicode_ci NOT NULL,
  `slug` varchar(191) COLLATE utf8_unicode_ci NOT NULL,
  `display_name_singular` varchar(191) COLLATE utf8_unicode_ci NOT NULL,
  `display_name_plural` varchar(191) COLLATE utf8_unicode_ci NOT NULL,
  `icon` varchar(191) COLLATE utf8_unicode_ci DEFAULT NULL,
  `model_name` varchar(191) COLLATE utf8_unicode_ci DEFAULT NULL,
  `policy_name` varchar(191) COLLATE utf8_unicode_ci DEFAULT NULL,
  `controller` varchar(191) COLLATE utf8_unicode_ci DEFAULT NULL,
  `description` varchar(191) COLLATE utf8_unicode_ci DEFAULT NULL,
  `generate_permissions` tinyint(1) NOT NULL DEFAULT '0',
  `server_side` tinyint(4) NOT NULL DEFAULT '0',
  `details` text COLLATE utf8_unicode_ci,
  `created_at` timestamp NULL DEFAULT NULL,
  `updated_at` timestamp NULL DEFAULT NULL
) ENGINE=InnoDB DEFAULT CHARSET=utf8 COLLATE=utf8_unicode_ci ROW_FORMAT=DYNAMIC;

--
-- Volcado de datos para la tabla `data_types`
--

INSERT INTO `data_types` (`id`, `name`, `slug`, `display_name_singular`, `display_name_plural`, `icon`, `model_name`, `policy_name`, `controller`, `description`, `generate_permissions`, `server_side`, `details`, `created_at`, `updated_at`) VALUES
(1, 'users', 'users', 'User', 'Users', 'voyager-person', 'TCG\\Voyager\\Models\\User', 'TCG\\Voyager\\Policies\\UserPolicy', '', '', 1, 0, NULL, '2018-08-07 08:31:11', '2018-08-07 08:31:11'),
(2, 'menus', 'menus', 'Menu', 'Menus', 'voyager-list', 'TCG\\Voyager\\Models\\Menu', NULL, '', '', 1, 0, NULL, '2018-08-07 08:31:11', '2018-08-07 08:31:11'),
(3, 'roles', 'roles', 'Role', 'Roles', 'voyager-lock', 'TCG\\Voyager\\Models\\Role', NULL, '', '', 1, 0, NULL, '2018-08-07 08:31:11', '2018-08-07 08:31:11'),
(4, 'categories', 'categories', 'Category', 'Categories', 'voyager-categories', 'TCG\\Voyager\\Models\\Category', NULL, '', '', 1, 0, NULL, '2018-08-07 08:31:13', '2018-08-07 08:31:13'),
(5, 'posts', 'posts', 'Post', 'Posts', 'voyager-news', 'TCG\\Voyager\\Models\\Post', 'TCG\\Voyager\\Policies\\PostPolicy', '', '', 1, 0, NULL, '2018-08-07 08:31:13', '2018-08-07 08:31:13'),
(6, 'pages', 'pages', 'Page', 'Pages', 'voyager-file-text', 'TCG\\Voyager\\Models\\Page', NULL, '', '', 1, 0, NULL, '2018-08-07 08:31:14', '2018-08-07 08:31:14'),
(8, 'registered', 'registrados', 'Registrado', 'Registrados', 'voyager-play', 'App\\Registered', NULL, NULL, NULL, 1, 0, '{\"order_column\":null,\"order_display_column\":null}', '2018-08-08 22:44:59', '2018-08-08 22:45:41'),
(9, 'assistence', 'assistence', 'Assistence', 'Assistences', NULL, 'App\\Assistence', NULL, NULL, NULL, 1, 0, '{\"order_column\":\"date_assistence\",\"order_display_column\":null}', '2018-09-05 11:08:00', '2018-09-05 11:08:00'),
(10, 'schedules', 'schedules', 'Schedule', 'Schedules', NULL, 'App\\Schedules', NULL, NULL, NULL, 1, 0, '{\"order_column\":null,\"order_display_column\":null}', '2018-09-05 11:09:18', '2018-09-05 11:09:18'),
(15, 'students', 'students', 'Student', 'Students', NULL, 'App\\Students', NULL, NULL, NULL, 1, 0, '{\"order_column\":null,\"order_display_column\":null}', '2018-09-14 11:42:36', '2018-09-14 11:42:36');

-- --------------------------------------------------------

--
-- Estructura de tabla para la tabla `menus`
--

CREATE TABLE `menus` (
  `id` int(10) UNSIGNED NOT NULL,
  `name` varchar(191) COLLATE utf8_unicode_ci NOT NULL,
  `created_at` timestamp NULL DEFAULT NULL,
  `updated_at` timestamp NULL DEFAULT NULL
) ENGINE=InnoDB DEFAULT CHARSET=utf8 COLLATE=utf8_unicode_ci ROW_FORMAT=DYNAMIC;

--
-- Volcado de datos para la tabla `menus`
--

INSERT INTO `menus` (`id`, `name`, `created_at`, `updated_at`) VALUES
(1, 'admin', '2018-08-07 08:31:11', '2018-08-07 08:31:11');

-- --------------------------------------------------------

--
-- Estructura de tabla para la tabla `menu_items`
--

CREATE TABLE `menu_items` (
  `id` int(10) UNSIGNED NOT NULL,
  `menu_id` int(10) UNSIGNED DEFAULT NULL,
  `title` varchar(191) COLLATE utf8_unicode_ci NOT NULL,
  `url` varchar(191) COLLATE utf8_unicode_ci NOT NULL,
  `target` varchar(191) COLLATE utf8_unicode_ci NOT NULL DEFAULT '_self',
  `icon_class` varchar(191) COLLATE utf8_unicode_ci DEFAULT NULL,
  `color` varchar(191) COLLATE utf8_unicode_ci DEFAULT NULL,
  `parent_id` int(11) DEFAULT NULL,
  `order` int(11) NOT NULL,
  `created_at` timestamp NULL DEFAULT NULL,
  `updated_at` timestamp NULL DEFAULT NULL,
  `route` varchar(191) COLLATE utf8_unicode_ci DEFAULT NULL,
  `parameters` text COLLATE utf8_unicode_ci
) ENGINE=InnoDB DEFAULT CHARSET=utf8 COLLATE=utf8_unicode_ci ROW_FORMAT=DYNAMIC;

--
-- Volcado de datos para la tabla `menu_items`
--

INSERT INTO `menu_items` (`id`, `menu_id`, `title`, `url`, `target`, `icon_class`, `color`, `parent_id`, `order`, `created_at`, `updated_at`, `route`, `parameters`) VALUES
(1, 1, 'Dashboard', '', '_self', 'voyager-boat', NULL, NULL, 1, '2018-08-07 08:31:11', '2018-08-07 08:31:11', 'voyager.dashboard', NULL),
(2, 1, 'Media', '', '_self', 'voyager-images', NULL, NULL, 5, '2018-08-07 08:31:11', '2018-08-07 08:31:11', 'voyager.media.index', NULL),
(3, 1, 'Users', '', '_self', 'voyager-person', NULL, NULL, 3, '2018-08-07 08:31:11', '2018-08-07 08:31:11', 'voyager.users.index', NULL),
(4, 1, 'Roles', '', '_self', 'voyager-lock', NULL, NULL, 2, '2018-08-07 08:31:11', '2018-08-07 08:31:11', 'voyager.roles.index', NULL),
(5, 1, 'Tools', '', '_self', 'voyager-tools', NULL, NULL, 9, '2018-08-07 08:31:11', '2018-08-07 08:31:11', NULL, NULL),
(6, 1, 'Menu Builder', '', '_self', 'voyager-list', NULL, 5, 10, '2018-08-07 08:31:11', '2018-08-07 08:31:11', 'voyager.menus.index', NULL),
(7, 1, 'Database', '', '_self', 'voyager-data', NULL, 5, 11, '2018-08-07 08:31:12', '2018-08-07 08:31:12', 'voyager.database.index', NULL),
(8, 1, 'Compass', '', '_self', 'voyager-compass', NULL, 5, 12, '2018-08-07 08:31:12', '2018-08-07 08:31:12', 'voyager.compass.index', NULL),
(9, 1, 'BREAD', '', '_self', 'voyager-bread', NULL, 5, 13, '2018-08-07 08:31:12', '2018-08-07 08:31:12', 'voyager.bread.index', NULL),
(10, 1, 'Settings', '', '_self', 'voyager-settings', NULL, NULL, 14, '2018-08-07 08:31:12', '2018-08-07 08:31:12', 'voyager.settings.index', NULL),
(11, 1, 'Categories', '', '_self', 'voyager-categories', NULL, NULL, 8, '2018-08-07 08:31:13', '2018-08-07 08:31:13', 'voyager.categories.index', NULL),
(12, 1, 'Posts', '', '_self', 'voyager-news', NULL, NULL, 6, '2018-08-07 08:31:14', '2018-08-07 08:31:14', 'voyager.posts.index', NULL),
(13, 1, 'Pages', '', '_self', 'voyager-file-text', NULL, NULL, 7, '2018-08-07 08:31:14', '2018-08-07 08:31:14', 'voyager.pages.index', NULL),
(14, 1, 'Hooks', '', '_self', 'voyager-hook', NULL, 5, 13, '2018-08-07 08:31:15', '2018-08-07 08:31:15', 'voyager.hooks', NULL),
(16, 1, 'Registrados', 'admin/registrados', '_self', 'voyager-news', '#000000', NULL, 15, '2018-08-09 20:16:06', '2018-08-09 20:16:47', NULL, ''),
(17, 1, 'Asistencia', '', '_self', 'voyager-calendar', '#000000', NULL, 16, '2018-09-05 11:08:00', '2018-09-05 11:17:54', 'voyager.assistence.index', 'null'),
(18, 1, 'Turnos', '', '_self', 'voyager-logbook', '#000000', NULL, 17, '2018-09-05 11:09:18', '2018-09-05 11:18:11', 'voyager.schedules.index', 'null'),
(19, 1, 'Estudiantes', '', '_self', 'voyager-people', '#000000', NULL, 18, '2018-09-05 11:09:46', '2018-09-05 11:18:28', 'voyager.students.index', 'null');

-- --------------------------------------------------------

--
-- Estructura de tabla para la tabla `migrations`
--

CREATE TABLE `migrations` (
  `id` int(10) UNSIGNED NOT NULL,
  `migration` varchar(191) COLLATE utf8_unicode_ci NOT NULL,
  `batch` int(11) NOT NULL
) ENGINE=InnoDB DEFAULT CHARSET=utf8 COLLATE=utf8_unicode_ci ROW_FORMAT=DYNAMIC;

--
-- Volcado de datos para la tabla `migrations`
--

INSERT INTO `migrations` (`id`, `migration`, `batch`) VALUES
(1, '2014_10_12_000000_create_users_table', 1),
(2, '2014_10_12_100000_create_password_resets_table', 1),
(3, '2016_01_01_000000_add_voyager_user_fields', 1),
(4, '2016_01_01_000000_create_data_types_table', 1),
(5, '2016_01_01_000000_create_pages_table', 1),
(6, '2016_01_01_000000_create_posts_table', 1),
(7, '2016_02_15_204651_create_categories_table', 1),
(8, '2016_05_19_173453_create_menu_table', 1),
(9, '2016_10_21_190000_create_roles_table', 1),
(10, '2016_10_21_190000_create_settings_table', 1),
(11, '2016_11_30_135954_create_permission_table', 1),
(12, '2016_11_30_141208_create_permission_role_table', 1),
(13, '2016_12_26_201236_data_types__add__server_side', 1),
(14, '2017_01_13_000000_add_route_to_menu_items_table', 1),
(15, '2017_01_14_005015_create_translations_table', 1),
(16, '2017_01_15_000000_make_table_name_nullable_in_permissions_table', 1),
(17, '2017_03_06_000000_add_controller_to_data_types_table', 1),
(18, '2017_04_11_000000_alter_post_nullable_fields_table', 1),
(19, '2017_04_21_000000_add_order_to_data_rows_table', 1),
(20, '2017_07_05_210000_add_policyname_to_data_types_table', 1),
(21, '2017_08_05_000000_add_group_to_settings_table', 1),
(22, '2017_11_26_013050_add_user_role_relationship', 1),
(23, '2017_11_26_015000_create_user_roles_table', 1),
(24, '2018_03_11_000000_add_user_settings', 1),
(25, '2018_03_14_000000_add_details_to_data_types_table', 1),
(26, '2018_03_16_000000_make_settings_value_nullable', 1);

-- --------------------------------------------------------

--
-- Estructura de tabla para la tabla `pages`
--

CREATE TABLE `pages` (
  `id` int(10) UNSIGNED NOT NULL,
  `author_id` int(11) NOT NULL,
  `title` varchar(191) COLLATE utf8_unicode_ci NOT NULL,
  `excerpt` text COLLATE utf8_unicode_ci,
  `body` text COLLATE utf8_unicode_ci,
  `image` varchar(191) COLLATE utf8_unicode_ci DEFAULT NULL,
  `slug` varchar(191) COLLATE utf8_unicode_ci NOT NULL,
  `meta_description` text COLLATE utf8_unicode_ci,
  `meta_keywords` text COLLATE utf8_unicode_ci,
  `status` enum('ACTIVE','INACTIVE') COLLATE utf8_unicode_ci NOT NULL DEFAULT 'INACTIVE',
  `created_at` timestamp NULL DEFAULT NULL,
  `updated_at` timestamp NULL DEFAULT NULL
) ENGINE=InnoDB DEFAULT CHARSET=utf8 COLLATE=utf8_unicode_ci ROW_FORMAT=DYNAMIC;

-- --------------------------------------------------------

--
-- Estructura de tabla para la tabla `password_resets`
--

CREATE TABLE `password_resets` (
  `email` varchar(191) COLLATE utf8_unicode_ci NOT NULL,
  `token` varchar(191) COLLATE utf8_unicode_ci NOT NULL,
  `created_at` timestamp NULL DEFAULT NULL
) ENGINE=InnoDB DEFAULT CHARSET=utf8 COLLATE=utf8_unicode_ci ROW_FORMAT=DYNAMIC;

-- --------------------------------------------------------

--
-- Estructura de tabla para la tabla `permissions`
--

CREATE TABLE `permissions` (
  `id` int(10) UNSIGNED NOT NULL,
  `key` varchar(191) COLLATE utf8_unicode_ci NOT NULL,
  `table_name` varchar(191) COLLATE utf8_unicode_ci DEFAULT NULL,
  `created_at` timestamp NULL DEFAULT NULL,
  `updated_at` timestamp NULL DEFAULT NULL
) ENGINE=InnoDB DEFAULT CHARSET=utf8 COLLATE=utf8_unicode_ci ROW_FORMAT=DYNAMIC;

--
-- Volcado de datos para la tabla `permissions`
--

INSERT INTO `permissions` (`id`, `key`, `table_name`, `created_at`, `updated_at`) VALUES
(1, 'browse_admin', NULL, '2018-08-07 08:31:12', '2018-08-07 08:31:12'),
(2, 'browse_bread', NULL, '2018-08-07 08:31:12', '2018-08-07 08:31:12'),
(3, 'browse_database', NULL, '2018-08-07 08:31:12', '2018-08-07 08:31:12'),
(4, 'browse_media', NULL, '2018-08-07 08:31:12', '2018-08-07 08:31:12'),
(5, 'browse_compass', NULL, '2018-08-07 08:31:12', '2018-08-07 08:31:12'),
(6, 'browse_menus', 'menus', '2018-08-07 08:31:12', '2018-08-07 08:31:12'),
(7, 'read_menus', 'menus', '2018-08-07 08:31:12', '2018-08-07 08:31:12'),
(8, 'edit_menus', 'menus', '2018-08-07 08:31:12', '2018-08-07 08:31:12'),
(9, 'add_menus', 'menus', '2018-08-07 08:31:12', '2018-08-07 08:31:12'),
(10, 'delete_menus', 'menus', '2018-08-07 08:31:12', '2018-08-07 08:31:12'),
(11, 'browse_roles', 'roles', '2018-08-07 08:31:12', '2018-08-07 08:31:12'),
(12, 'read_roles', 'roles', '2018-08-07 08:31:12', '2018-08-07 08:31:12'),
(13, 'edit_roles', 'roles', '2018-08-07 08:31:12', '2018-08-07 08:31:12'),
(14, 'add_roles', 'roles', '2018-08-07 08:31:12', '2018-08-07 08:31:12'),
(15, 'delete_roles', 'roles', '2018-08-07 08:31:12', '2018-08-07 08:31:12'),
(16, 'browse_users', 'users', '2018-08-07 08:31:12', '2018-08-07 08:31:12'),
(17, 'read_users', 'users', '2018-08-07 08:31:12', '2018-08-07 08:31:12'),
(18, 'edit_users', 'users', '2018-08-07 08:31:12', '2018-08-07 08:31:12'),
(19, 'add_users', 'users', '2018-08-07 08:31:12', '2018-08-07 08:31:12'),
(20, 'delete_users', 'users', '2018-08-07 08:31:12', '2018-08-07 08:31:12'),
(21, 'browse_settings', 'settings', '2018-08-07 08:31:12', '2018-08-07 08:31:12'),
(22, 'read_settings', 'settings', '2018-08-07 08:31:12', '2018-08-07 08:31:12'),
(23, 'edit_settings', 'settings', '2018-08-07 08:31:12', '2018-08-07 08:31:12'),
(24, 'add_settings', 'settings', '2018-08-07 08:31:12', '2018-08-07 08:31:12'),
(25, 'delete_settings', 'settings', '2018-08-07 08:31:12', '2018-08-07 08:31:12'),
(26, 'browse_categories', 'categories', '2018-08-07 08:31:13', '2018-08-07 08:31:13'),
(27, 'read_categories', 'categories', '2018-08-07 08:31:13', '2018-08-07 08:31:13'),
(28, 'edit_categories', 'categories', '2018-08-07 08:31:13', '2018-08-07 08:31:13'),
(29, 'add_categories', 'categories', '2018-08-07 08:31:13', '2018-08-07 08:31:13'),
(30, 'delete_categories', 'categories', '2018-08-07 08:31:13', '2018-08-07 08:31:13'),
(31, 'browse_posts', 'posts', '2018-08-07 08:31:14', '2018-08-07 08:31:14'),
(32, 'read_posts', 'posts', '2018-08-07 08:31:14', '2018-08-07 08:31:14'),
(33, 'edit_posts', 'posts', '2018-08-07 08:31:14', '2018-08-07 08:31:14'),
(34, 'add_posts', 'posts', '2018-08-07 08:31:14', '2018-08-07 08:31:14'),
(35, 'delete_posts', 'posts', '2018-08-07 08:31:14', '2018-08-07 08:31:14'),
(36, 'browse_pages', 'pages', '2018-08-07 08:31:14', '2018-08-07 08:31:14'),
(37, 'read_pages', 'pages', '2018-08-07 08:31:14', '2018-08-07 08:31:14'),
(38, 'edit_pages', 'pages', '2018-08-07 08:31:14', '2018-08-07 08:31:14'),
(39, 'add_pages', 'pages', '2018-08-07 08:31:14', '2018-08-07 08:31:14'),
(40, 'delete_pages', 'pages', '2018-08-07 08:31:14', '2018-08-07 08:31:14'),
(41, 'browse_hooks', NULL, '2018-08-07 08:31:15', '2018-08-07 08:31:15'),
(42, 'browse_registered', 'registered', '2018-08-08 22:44:59', '2018-08-08 22:44:59'),
(43, 'read_registered', 'registered', '2018-08-08 22:44:59', '2018-08-08 22:44:59'),
(44, 'edit_registered', 'registered', '2018-08-08 22:44:59', '2018-08-08 22:44:59'),
(45, 'add_registered', 'registered', '2018-08-08 22:44:59', '2018-08-08 22:44:59'),
(46, 'delete_registered', 'registered', '2018-08-08 22:44:59', '2018-08-08 22:44:59'),
(47, 'browse_assistence', 'assistence', '2018-09-05 11:08:00', '2018-09-05 11:08:00'),
(48, 'read_assistence', 'assistence', '2018-09-05 11:08:00', '2018-09-05 11:08:00'),
(49, 'edit_assistence', 'assistence', '2018-09-05 11:08:00', '2018-09-05 11:08:00'),
(50, 'add_assistence', 'assistence', '2018-09-05 11:08:00', '2018-09-05 11:08:00'),
(51, 'delete_assistence', 'assistence', '2018-09-05 11:08:00', '2018-09-05 11:08:00'),
(52, 'browse_schedules', 'schedules', '2018-09-05 11:09:18', '2018-09-05 11:09:18'),
(53, 'read_schedules', 'schedules', '2018-09-05 11:09:18', '2018-09-05 11:09:18'),
(54, 'edit_schedules', 'schedules', '2018-09-05 11:09:18', '2018-09-05 11:09:18'),
(55, 'add_schedules', 'schedules', '2018-09-05 11:09:18', '2018-09-05 11:09:18'),
(56, 'delete_schedules', 'schedules', '2018-09-05 11:09:18', '2018-09-05 11:09:18'),
(77, 'browse_students', 'students', '2018-09-14 11:42:36', '2018-09-14 11:42:36'),
(78, 'read_students', 'students', '2018-09-14 11:42:36', '2018-09-14 11:42:36'),
(79, 'edit_students', 'students', '2018-09-14 11:42:36', '2018-09-14 11:42:36'),
(80, 'add_students', 'students', '2018-09-14 11:42:36', '2018-09-14 11:42:36'),
(81, 'delete_students', 'students', '2018-09-14 11:42:36', '2018-09-14 11:42:36');

-- --------------------------------------------------------

--
-- Estructura de tabla para la tabla `permission_role`
--

CREATE TABLE `permission_role` (
  `permission_id` int(10) UNSIGNED NOT NULL,
  `role_id` int(10) UNSIGNED NOT NULL
) ENGINE=InnoDB DEFAULT CHARSET=utf8 COLLATE=utf8_unicode_ci ROW_FORMAT=DYNAMIC;

--
-- Volcado de datos para la tabla `permission_role`
--

INSERT INTO `permission_role` (`permission_id`, `role_id`) VALUES
(1, 1),
(1, 2),
(2, 1),
(3, 1),
(4, 1),
(5, 1),
(6, 1),
(7, 1),
(8, 1),
(9, 1),
(10, 1),
(11, 1),
(12, 1),
(13, 1),
(14, 1),
(15, 1),
(16, 1),
(17, 1),
(18, 1),
(18, 2),
(19, 1),
(19, 2),
(20, 1),
(20, 2),
(21, 1),
(22, 1),
(23, 1),
(24, 1),
(25, 1),
(26, 1),
(27, 1),
(28, 1),
(29, 1),
(30, 1),
(31, 1),
(32, 1),
(33, 1),
(34, 1),
(35, 1),
(36, 1),
(37, 1),
(38, 1),
(39, 1),
(40, 1),
(42, 1),
(42, 2),
(43, 1),
(43, 2),
(44, 1),
(44, 2),
(45, 1),
(45, 2),
(46, 1),
(46, 2),
(47, 1),
(47, 2),
(48, 1),
(48, 2),
(49, 1),
(49, 2),
(50, 1),
(50, 2),
(51, 1),
(51, 2),
(52, 1),
(52, 2),
(53, 1),
(53, 2),
(54, 1),
(54, 2),
(55, 1),
(55, 2),
(56, 1),
(56, 2),
(77, 1),
(78, 1),
(79, 1),
(80, 1),
(81, 1);

-- --------------------------------------------------------

--
-- Estructura de tabla para la tabla `posts`
--

CREATE TABLE `posts` (
  `id` int(10) UNSIGNED NOT NULL,
  `author_id` int(11) NOT NULL,
  `category_id` int(11) DEFAULT NULL,
  `title` varchar(191) COLLATE utf8_unicode_ci NOT NULL,
  `seo_title` varchar(191) COLLATE utf8_unicode_ci DEFAULT NULL,
  `excerpt` text COLLATE utf8_unicode_ci,
  `body` text COLLATE utf8_unicode_ci NOT NULL,
  `image` varchar(191) COLLATE utf8_unicode_ci DEFAULT NULL,
  `slug` varchar(191) COLLATE utf8_unicode_ci NOT NULL,
  `meta_description` text COLLATE utf8_unicode_ci,
  `meta_keywords` text COLLATE utf8_unicode_ci,
  `status` enum('PUBLISHED','DRAFT','PENDING') COLLATE utf8_unicode_ci NOT NULL DEFAULT 'DRAFT',
  `featured` tinyint(1) NOT NULL DEFAULT '0',
  `created_at` timestamp NULL DEFAULT NULL,
  `updated_at` timestamp NULL DEFAULT NULL
) ENGINE=InnoDB DEFAULT CHARSET=utf8 COLLATE=utf8_unicode_ci ROW_FORMAT=DYNAMIC;

-- --------------------------------------------------------

--
-- Estructura de tabla para la tabla `registered`
--

CREATE TABLE `registered` (
  `id` int(10) UNSIGNED NOT NULL,
  `nombre` varchar(255) COLLATE utf8_unicode_ci DEFAULT NULL,
  `email` varchar(255) COLLATE utf8_unicode_ci DEFAULT NULL,
  `apellido` varchar(255) COLLATE utf8_unicode_ci DEFAULT NULL,
  `dni` varchar(255) COLLATE utf8_unicode_ci DEFAULT NULL,
  `tipo_inscripcion` varchar(255) COLLATE utf8_unicode_ci DEFAULT NULL,
  `ciudad` varchar(255) COLLATE utf8_unicode_ci DEFAULT NULL,
  `instituto` varchar(255) COLLATE utf8_unicode_ci DEFAULT NULL,
  `telefono` varchar(255) COLLATE utf8_unicode_ci DEFAULT NULL,
  `celular` varchar(255) COLLATE utf8_unicode_ci DEFAULT NULL,
  `imagen` varchar(255) COLLATE utf8_unicode_ci DEFAULT NULL,
  `created_at` timestamp NULL DEFAULT NULL,
  `updated_at` timestamp NULL DEFAULT NULL
) ENGINE=InnoDB DEFAULT CHARSET=utf8 COLLATE=utf8_unicode_ci;

--
-- Volcado de datos para la tabla `registered`
--

INSERT INTO `registered` (`id`, `nombre`, `email`, `apellido`, `dni`, `tipo_inscripcion`, `ciudad`, `instituto`, `telefono`, `celular`, `imagen`, `created_at`, `updated_at`) VALUES
(9, 'Diego', 'daec@gmail.com', 'Estrada', '87654321', 'estudiante', 'Areuipa', 'SAn Marcos', '5931245655', '5931245655', '', '2018-08-15 18:44:34', '2018-08-15 18:44:34'),
(10, 'Diego', 'daec@gmail.com', 'Estrada', '87654321', 'estudiante', 'Areuipa', 'SAn Marcos', '5931245655', '5931245655', '', '2018-08-15 18:46:16', '2018-08-15 18:46:16'),
(11, 'Aldo Jordan', 'admin@admin.com', 'Chipana', '12345678', 'estudiante', 'Tacna', 'San Agustin', '98765432', '98765432', NULL, '2018-08-16 02:12:32', '2018-08-16 02:12:32'),
(12, 'Aldo Jordan', 'admin@admin.com', 'Chipana', '12345678', 'estudiante', 'Tacna', 'San Agustin', '98765432', '98765432', NULL, '2018-08-16 02:12:37', '2018-08-16 02:12:37'),
(13, 'Aldo Jordan', 'admin@admin.com', 'Chipana', '12345678', 'estudiante', 'Tacna', 'San Agustin', '98765432', '98765432', NULL, '2018-08-16 02:18:12', '2018-08-16 02:18:12'),
(14, 'Aldo Jordan', 'admin@admin.com', 'Chipana', '12345678', 'estudiante', 'Tacna', 'San Agustin', '98765432', '98765432', NULL, '2018-08-16 02:18:14', '2018-08-16 02:18:14'),
(15, 'Juan', 'achoque1400@gmail.com', 'Choue', '75583714', 'profesional', 'Areuipa', 'San Agustin', '931245655', '931245655', NULL, '2018-08-16 02:20:21', '2018-08-16 02:20:21'),
(16, 'Juan', 'achoque1400@gmail.com', 'Choue', '75583714', 'profesional', 'Areuipa', 'San Agustin', '931245655', '931245655', NULL, '2018-08-16 02:20:24', '2018-08-16 02:20:24'),
(17, 'Aldo Jordan', 'achoque1400@gmail.com', 'Estrada', '75583714', 'profesional', 'Trujillo', 'unjbg', '931245655', '931245655', NULL, '2018-08-16 02:30:19', '2018-08-16 02:30:19'),
(20, 'Aldo Jordan', 'achoque1400@gmail.com', 'Estrada', '12345678', 'profesional', 'Tacna', 'unjbg', '931245655', '931245655', NULL, '2018-08-16 02:51:16', '2018-08-16 02:51:16'),
(22, 'Daniel', 'achoqusdasde1400@gmail.com', 'Chipana', '12345678', 'profesional', 'Trujillo', 'unjbg', '931245655', '931245655', NULL, '2018-08-16 03:31:48', '2018-08-16 03:31:48'),
(24, 'Juanuispe', 'achoqusdasde1400@gmail.com', 'Ticona', '12345678', 'profesional', 'Tacna', 'unjbg', '931245655', '931245655', NULL, '2018-08-16 03:34:08', '2018-08-16 03:34:08'),
(25, 'Aldo Jordan Hola', 'achoque1400@gmail.com', 'Ticona', '12345678', 'profesional', 'Trujillo', 'unjbg', '931245655', '931245655', NULL, '2018-08-16 03:42:54', '2018-08-16 03:42:54'),
(211, 'Heyson', 'bravo3077@hotmail.com', 'Bravo Inchuña', '70207096', 'estudiante', 'Puno', 'Universidad Nacional del Altiplano', '918467366', '918467366', 'Oct-11-Heyson-702070961539287009920-1232273057.jpg', '2018-10-11 19:45:00', '2018-10-18 18:23:02'),
(212, 'Jossie Yushada', 'jossiemc15@gmail.com', 'Mamani Copa', '75272334', 'estudiante', 'Tacna', 'IESTP  FRANCISCO DE PAULA GONZALES VIGIL', '910373700', '910373700', 'Oct-14-Jossie Yushada-7527233444065307_783779521953227_2394652277081112576_n.jpg', '2018-10-14 17:48:06', '2018-10-14 17:48:06'),
(213, 'Jesus Eduardo', 'jesus.jimenez.bonifacio@gmail.com', 'Jimenez Bonifacio', '47398503', 'estudiante', 'Tacna', 'IESTP  FRANCISCO DE PAULA GONZALES VIGIL', '933478470', '933478470', 'Oct-14-Jesus Eduardo-4739850344047454_783779885286524_2597549637405507584_n.jpg', '2018-10-14 17:51:40', '2018-10-14 17:51:40'),
(215, 'Washington', 'shin321654987@gmail.com', 'Acero Mamani', '71449257', 'estudiante', 'Puno', 'Universidad Nacional del Altiplano', '927580547', '927580547', 'Oct-18-Washington-71449257UNA1.jpg', '2018-10-18 16:26:30', '2018-10-18 16:26:30'),
(224, 'Yessica', 'aguilaresyessica@ gmail.com', 'Aguilar Espinoza', '46637954', 'Estudiante', 'Puno', 'Universidad Nacional del Altiplano', '928544507', '928544507', NULL, '2018-10-18 17:21:29', '2018-10-18 17:21:29'),
(225, 'Cristhian Abad', 'abadruelas123@gmail.com', 'Anchapuri Ruelas', '70298552', 'Estudiante', 'Puno', 'Universidad Nacional del Altiplano', '970623218', '970623218', NULL, '2018-10-18 17:22:48', '2018-10-18 17:22:48'),
(226, 'Christian', 'tomy.zix@gmail.com', 'Apaza Mamani', '70002543', 'Estudiante', 'Puno', 'Universidad Nacional del Altiplano', '946198015', '946198015', NULL, '2018-10-18 17:24:56', '2018-10-18 17:24:56'),
(227, 'Jesus Antony', 'jesusyx22@gmail.com', 'Arratia Cama', '75661140', 'Estudiante', 'Puno', 'Universidad Nacional del Altiplano', '982303247', '982303247', NULL, '2018-10-18 17:26:01', '2018-10-18 17:26:01'),
(228, 'Mireya Valkiria', 'valkiria.caz@gmail.com', 'Benites Cazorla', '70184784', 'Estudiante', 'Puno', 'Universidad Nacional del Altiplano', '948682440', '948682440', NULL, '2018-10-18 17:33:00', '2018-10-18 17:35:44'),
(229, 'Yhomira', 'yhomira.tk3@gmail.com', 'Caceres Velasquez', '77135829', 'Estudiante', 'Puno', 'Universidad Nacional del Altiplano', '946320040', '946320040', NULL, '2018-10-18 17:37:39', '2018-10-18 17:37:39'),
(230, 'Sleyther Giulio', 'sleythergcp@gmail.com', 'Calsin Pacsi', '71690598', 'Estudiante', 'Puno', 'Universidad Nacional del Altiplano', '965875865', '965875865', NULL, '2018-10-18 17:39:26', '2018-10-18 17:39:26'),
(231, 'Yemira Laura', 'yemi.junsu@gmail.com', 'Yemira Laura', '71698507', 'Estudiante', 'Puno', 'Universidad Nacional del Altiplano', '990914232', '990914232', NULL, '2018-10-18 17:40:40', '2018-10-18 17:40:40'),
(232, 'Cecilia', 'cecithacardenas@gmail.com', 'Cárdenas Choque', '47672749', 'Estudiante', 'Puno', 'Universidad Nacional del Altiplano', '999117689', '999117689', NULL, '2018-10-18 17:43:20', '2018-10-18 17:43:20'),
(233, 'Victor Jhampier', 'victorjhampier@gmail.com', 'Caxi Maquera', '70143463', 'Estudiante', 'Puno', 'Universidad Nacional del Altiplano', '968991714', '968991714', NULL, '2018-10-18 17:44:35', '2018-10-18 17:44:35'),
(234, 'Franco Enrique', 'franckoj27@gmail.com', 'Chambi Mamani', '71707305', 'Estudiante', 'Puno', 'Universidad Nacional del Altiplano', '946600412', '946600412', NULL, '2018-10-18 17:46:28', '2018-10-18 17:46:28'),
(235, 'Francisco', 'franzxhito666@gmail.com', 'Chipa Carrasco', '76677527', 'Estudiante', 'Puno', 'Universidad Nacional del Altiplano', '959892661', '959892661', NULL, '2018-10-18 17:47:55', '2018-10-18 17:47:55'),
(236, 'Dennis Martin Ginger', 'demargin2409@gmail.com', 'Chipana Aza', '45326441', 'Estudiante', 'Puno', 'Universidad Nacional del Altiplano', '979030308', '979030308', NULL, '2018-10-18 17:50:39', '2018-10-18 17:50:39'),
(237, 'Yessica', 'condoryesy@gmail.com', 'Condori Condori', '70312989', 'Estudiante', 'Puno', 'Universidad Nacional del Altiplano', '925363317', '925363317', NULL, '2018-10-18 17:51:49', '2018-10-18 17:51:49'),
(238, 'Christian Benjamín', 'christianbfc97@gmail.com', 'Flores Copa', '77093972', 'Estudiante', 'Puno', 'Universidad Nacional del Altiplano', '978082047', '978082047', NULL, '2018-10-18 17:52:55', '2018-10-18 17:52:55'),
(239, 'Anghelo Gabriel', 'anghelogfloresp@gmail.com', 'Flores Paredes', '73198915', 'Estudiante', 'Puno', 'Universidad Nacional del Altiplano', '950904618', '950904618', NULL, '2018-10-18 17:54:34', '2018-10-18 17:54:34'),
(240, 'María Elena', 'gomezhuayta@gmail.com', 'Gómez Huayta', '70143463', 'Estudiante', 'Puno', 'Universidad Nacional del Altiplano', '921077525', '921077525', NULL, '2018-10-18 17:55:38', '2018-10-18 17:55:38'),
(241, 'Alex Fabio', 'alaen.afhp@gmail.com', 'Huallpachoque Panti', '70095054', 'Estudiante', 'Puno', 'Universidad Nacional del Altiplano', '933440928', '933440928', NULL, '2018-10-18 17:57:18', '2018-10-18 17:57:18'),
(242, 'Kevin Arnold', 'kalc.06.18.95@gmail.com', 'Laruta Calcina', '70143926', 'Estudiante', 'Puno', 'Universidad Nacional del Altiplano', '917386722', '917386722', NULL, '2018-10-18 17:58:21', '2018-10-18 17:58:21'),
(243, 'Edgar Liberato', 'face.4d@gmail.com', 'Laura Chayña', '47606630', 'Estudiante', 'Puno', 'Universidad Nacional del Altiplano', '950864641', '950864641', NULL, '2018-10-18 17:59:41', '2018-10-18 17:59:41'),
(244, 'Manuel Alejandro', 'mjtemdark28@gmail.com', 'Laura Jaramillo', '70002064', 'Estudiante', 'Puno', 'Universidad Nacional del Altiplano', '940820786', '940820786', NULL, '2018-10-18 18:01:31', '2018-10-18 18:01:31'),
(245, 'Gaby Antonieta', 'gabyxita.lc@gmail.com', 'Lima Condori', '71790783', 'Estudiante', 'Puno', 'Universidad Nacional del Altiplano', '957075267', '957075267', NULL, '2018-10-18 18:04:59', '2018-10-18 18:04:59'),
(246, 'Cristhopher Manuel', 'cristhophermanuell.@gmail.com', 'Llanos Cahuana', '70002209', 'Estudiante', 'Puno', 'Universidad Nacional del Altiplano', '976414228', '976414228', NULL, '2018-10-18 18:06:11', '2018-10-18 18:06:11'),
(247, 'Yeny Creys', 'yenyrock2698@gmail.com', 'Maldonado Valencia', '61936798', 'Estudiante', 'Puno', 'Universidad Nacional del Altiplano', '978567012', '978567012', NULL, '2018-10-18 18:07:17', '2018-10-18 18:07:17'),
(248, 'Kely Karina', 'akely.25@gmail.com', 'Paricahua Achata', '74879050', 'Estudiante', 'Puno', 'Universidad Nacional del Altiplano', '960262402', '960262402', NULL, '2018-10-18 18:08:22', '2018-10-18 18:08:22'),
(249, 'Ronald', 'seth15920@yahoo.es', 'Parqui Itusaca', '71500863', 'Estudiante', 'Puno', 'Universidad Nacional del Altiplano', '970450909', '970450909', NULL, '2018-10-18 18:09:28', '2018-10-18 18:09:28'),
(250, 'Alicia Josefina', 'aliciaqly@gmail.com', 'Quino Layme', '70925787', 'Estudiante', 'Puno', 'Universidad Nacional del Altiplano', '988725957', '988725957', NULL, '2018-10-18 18:10:34', '2018-10-18 18:10:34'),
(251, 'Marlenny Elyzbeth', 'marlennyquispechipana8@gmail.com', 'Quispe Chipana', '70112831', 'Estudiante', 'Puno', 'Universidad Nacional del Altiplano', '925664943', '925664943', NULL, '2018-10-18 18:11:59', '2018-10-18 18:11:59'),
(252, 'Luis Armando', 'luchino14789@gmail.com', 'Quispe Ticona', '77130946', 'Estudiante', 'Puno', 'Universidad Nacional del Altiplano', '929607507', '929607507', NULL, '2018-10-18 18:13:31', '2018-10-18 18:13:31'),
(253, 'Wendy Maribel', 'wendymaribelr@gmail.com', 'Ramos Ramos', '73511338', 'Estudiante', 'Puno', 'Universidad Nacional del Altiplano', '935457915', '935457915', NULL, '2018-10-18 18:14:42', '2018-10-18 18:14:42'),
(254, 'Ludgleny', 'LudludUNAPUNO@gmail.com', 'Velasquez Montalvo', '75195227', 'Estudiante', 'Puno', 'Universidad Nacional del Altiplano', '949926064', '949926064', NULL, '2018-10-18 18:15:57', '2018-10-18 18:15:57'),
(255, 'Cristian Rony', 'cristianyaguno92@gmail.com', 'Yaguno Mamani', '74373406', 'Estudiante', 'Puno', 'Universidad Nacional del Altiplano', '928202988', '928202988', NULL, '2018-10-18 18:17:08', '2018-10-18 18:17:08');

-- --------------------------------------------------------

--
-- Estructura de tabla para la tabla `roles`
--

CREATE TABLE `roles` (
  `id` int(10) UNSIGNED NOT NULL,
  `name` varchar(191) COLLATE utf8_unicode_ci NOT NULL,
  `display_name` varchar(191) COLLATE utf8_unicode_ci NOT NULL,
  `created_at` timestamp NULL DEFAULT NULL,
  `updated_at` timestamp NULL DEFAULT NULL
) ENGINE=InnoDB DEFAULT CHARSET=utf8 COLLATE=utf8_unicode_ci ROW_FORMAT=DYNAMIC;

--
-- Volcado de datos para la tabla `roles`
--

INSERT INTO `roles` (`id`, `name`, `display_name`, `created_at`, `updated_at`) VALUES
(1, 'admin', 'Administrator', '2018-08-07 08:31:12', '2018-08-07 08:31:12'),
(2, 'user', 'Normal User', '2018-08-07 08:31:12', '2018-08-07 08:31:12');

-- --------------------------------------------------------

--
-- Estructura de tabla para la tabla `schedules`
--

CREATE TABLE `schedules` (
  `id` int(10) UNSIGNED NOT NULL,
  `created_at` timestamp NULL DEFAULT NULL,
  `updated_at` timestamp NULL DEFAULT NULL,
  `name` varchar(255) COLLATE utf8_unicode_ci DEFAULT NULL
) ENGINE=InnoDB DEFAULT CHARSET=utf8 COLLATE=utf8_unicode_ci;

--
-- Volcado de datos para la tabla `schedules`
--

INSERT INTO `schedules` (`id`, `created_at`, `updated_at`, `name`) VALUES
(1, '2018-09-05 11:19:13', '2018-09-05 11:23:43', 'Tarde'),
(2, '2018-09-12 08:37:52', '2018-09-12 08:37:52', 'Mañana');

-- --------------------------------------------------------

--
-- Estructura de tabla para la tabla `settings`
--

CREATE TABLE `settings` (
  `id` int(10) UNSIGNED NOT NULL,
  `key` varchar(191) COLLATE utf8_unicode_ci NOT NULL,
  `display_name` varchar(191) COLLATE utf8_unicode_ci NOT NULL,
  `value` text COLLATE utf8_unicode_ci,
  `details` text COLLATE utf8_unicode_ci,
  `type` varchar(191) COLLATE utf8_unicode_ci NOT NULL,
  `order` int(11) NOT NULL DEFAULT '1',
  `group` varchar(191) COLLATE utf8_unicode_ci DEFAULT NULL
) ENGINE=InnoDB DEFAULT CHARSET=utf8 COLLATE=utf8_unicode_ci ROW_FORMAT=DYNAMIC;

--
-- Volcado de datos para la tabla `settings`
--

INSERT INTO `settings` (`id`, `key`, `display_name`, `value`, `details`, `type`, `order`, `group`) VALUES
(1, 'site.title', 'Site Title', 'Congreso Internacional de Informatica y Sistemas', '', 'text', 1, 'Site'),
(2, 'site.description', 'Site Description', 'Congreso Internacional de Informatica y Sistemas realizado en la ciudad de Tacna', '', 'text', 2, 'Site'),
(3, 'site.logo', 'Site Logo', '', '', 'image', 3, 'Site'),
(4, 'site.google_analytics_tracking_id', 'Google Analytics Tracking ID', NULL, '', 'text', 4, 'Site'),
(5, 'admin.bg_image', 'Admin Background Image', '', '', 'image', 5, 'Admin'),
(6, 'admin.title', 'Admin Title', 'Congreso Internacional de Informatica y Sistemas', '', 'text', 1, 'Admin'),
(7, 'admin.description', 'Admin Description', 'Bienvenido al Panel de Administracion del Congreso Internacional de Informatica y Sistemas', '', 'text', 2, 'Admin'),
(8, 'admin.loader', 'Admin Loader', '', '', 'image', 3, 'Admin'),
(9, 'admin.icon_image', 'Admin Icon Image', 'settings/August2018/pSTa1iFa1tEobhKU5DwV.png', '', 'image', 4, 'Admin'),
(10, 'admin.google_analytics_client_id', 'Google Analytics Client ID (used for admin dashboard)', NULL, '', 'text', 1, 'Admin');

-- --------------------------------------------------------

--
-- Estructura de tabla para la tabla `students`
--

CREATE TABLE `students` (
  `id` int(10) UNSIGNED NOT NULL,
  `created_at` timestamp NULL DEFAULT NULL,
  `updated_at` timestamp NULL DEFAULT NULL,
  `name` longtext COLLATE utf8_unicode_ci
) ENGINE=InnoDB DEFAULT CHARSET=utf8 COLLATE=utf8_unicode_ci;

--
-- Volcado de datos para la tabla `students`
--

INSERT INTO `students` (`id`, `created_at`, `updated_at`, `name`) VALUES
(1, '2018-09-14 11:46:50', '2018-09-14 11:46:50', 'RICHARD JAVIER MIRANDA CARRILLO'),
(2, '2018-09-14 13:26:43', '2018-09-14 13:26:43', 'Moroni Derliz Roman Flores Vilca'),
(3, '2018-09-14 13:27:40', '2018-09-14 13:27:40', 'Elmer Bonifacio Acero Zapana'),
(4, '2018-09-14 13:28:30', '2018-09-14 13:28:30', 'Jheferson Sting Pari Machaca'),
(5, '2018-09-14 13:29:16', '2018-09-14 13:29:16', 'Alvaro Hugo Ticona Flores'),
(6, '2018-09-14 13:29:55', '2018-09-14 13:29:55', 'Miryam Elizabeth Chacon Alvarez'),
(7, '2018-09-14 13:30:20', '2018-09-14 13:30:20', 'Adrian Alex Paria Quispe'),
(8, '2018-09-14 13:30:55', '2018-09-14 13:30:55', 'Marisol Nait Pino Paxi'),
(9, '2018-09-14 13:31:35', '2018-09-14 13:31:35', 'Lizbeth Luz Tesillo Gomez'),
(10, '2018-09-14 13:32:11', '2018-09-14 13:32:11', 'Cesar Enrique  Flores Arratia'),
(11, '2018-09-14 13:32:34', '2018-09-14 13:32:34', 'Daryl Angel Mamani Quispe'),
(12, '2018-09-14 13:33:15', '2018-09-14 13:33:15', 'Harold Joel Fransua Medina Lupo'),
(13, '2018-09-14 13:33:36', '2018-09-14 13:33:36', 'Roger Yhonny Joel Huanca Carita'),
(14, '2018-09-14 13:33:58', '2018-09-14 13:33:58', 'Juan Carlos Cama Chura'),
(15, '2018-09-14 13:34:15', '2018-09-14 13:34:15', 'Marco Antonio Choque Maquera'),
(16, '2018-09-14 13:34:38', '2018-09-14 13:34:38', 'Catherine Jasmine Linares Rojas'),
(17, '2018-09-14 13:34:56', '2018-09-14 13:34:56', 'Rosa Angela Laura Paxi'),
(18, '2018-09-14 13:35:37', '2018-09-14 13:35:37', 'Jose Rodrigo Poma Catari'),
(19, '2018-09-14 13:36:03', '2018-09-14 13:36:03', 'Bryan David Infantas Cahuana'),
(20, '2018-09-14 13:36:34', '2018-09-14 13:36:34', 'Patrick Anthony Maron Paredes'),
(21, '2018-09-14 13:37:22', '2018-09-14 13:37:22', 'Juan Victor Joseph Herencia Vicente'),
(22, '2018-09-14 13:39:01', '2018-09-14 13:39:01', 'Jordan Fridman Laqui Cabrera'),
(23, '2018-09-14 13:40:15', '2018-09-14 13:40:15', 'Julio Isrrael Aguilar Barrientos'),
(24, '2018-09-14 13:41:04', '2018-09-14 13:41:04', 'Marco Antonio Espinoza Balcona'),
(25, '2018-09-14 13:42:03', '2018-09-14 13:42:03', 'Geraldine Del Rosario Nina Reyna'),
(26, '2018-09-14 13:47:30', '2018-09-14 13:47:30', 'Fresia Emmy Ramos Huanca'),
(27, '2018-09-14 13:48:22', '2018-09-14 13:48:22', 'Juan Santos Paxi Laura'),
(28, '2018-09-14 13:48:28', '2018-09-14 13:48:28', 'Javier Alex Jimenez Mendoza'),
(29, '2018-09-14 13:50:22', '2018-09-14 13:50:22', 'Edwin Frank Turpo Huisa'),
(30, '2018-09-14 13:50:24', '2018-09-14 13:50:24', 'Jhonatan Alexander Hinojosa Mucho'),
(31, '2018-09-14 13:50:48', '2018-09-14 13:50:48', 'Alberth Anthony Encinas Quispe'),
(32, '2018-09-14 13:50:57', '2018-09-14 13:50:57', 'Josh Paul Osco Osnayo'),
(33, '2018-09-14 13:51:23', '2018-09-14 13:51:23', 'Roger Grove Pizarro Quispe'),
(34, '2018-09-14 13:52:01', '2018-09-14 13:52:01', 'Rody Franklin Condori Joaquin'),
(35, '2018-09-14 13:53:18', '2018-09-14 13:53:18', 'Ricardo Mauricio Chambilla Perca'),
(36, '2018-09-14 13:53:47', '2018-09-14 13:53:47', 'Jesus Edwin Vasquez Pari'),
(37, '2018-09-14 13:54:46', '2018-09-14 13:54:46', 'Marvin Anthony Aguirre Vargas'),
(38, '2018-09-14 13:54:47', '2018-09-14 13:54:47', 'Bryam Alfredo Mollocondo Ramos'),
(39, '2018-09-14 13:55:32', '2018-09-14 13:55:32', 'Carlos Junior Ramos Vasquez'),
(40, '2018-09-14 13:56:07', '2018-09-14 13:56:07', 'Pedro Pablo Chambi Condori'),
(41, '2018-09-14 13:57:06', '2018-09-14 13:57:06', 'Saul Renato Luque Rojas'),
(42, '2018-09-14 13:57:28', '2018-09-14 13:57:28', 'Luis Alberto Nina Estrada'),
(43, '2018-09-14 13:58:56', '2018-09-14 13:58:56', 'Yeferson Mamani Gonzales'),
(44, '2018-09-14 13:59:51', '2018-09-14 13:59:51', 'Katherine liliana Huaycani Gomez'),
(45, '2018-09-14 14:00:36', '2018-09-14 14:00:36', 'Brando Efrain Marca Machaca'),
(46, '2018-09-14 14:01:14', '2018-09-14 14:01:14', 'Yaneli Suguey Cohaila Aquino'),
(47, '2018-09-14 14:02:02', '2018-09-14 14:02:02', 'Runi Inquilla Vela'),
(48, '2018-09-14 14:02:49', '2018-09-14 14:02:49', 'Liz Gricel Machaca Conde'),
(49, '2018-09-14 14:02:58', '2018-09-14 14:02:58', 'Kevin Dixon Caxi Arocutipa'),
(50, '2018-09-14 14:03:51', '2018-09-14 14:03:51', 'Gabriel Ludwing Gutiérrez Otazú'),
(51, '2018-09-14 14:03:54', '2018-09-14 14:03:54', 'Joel Jesus Flores Valeriano'),
(52, '2018-09-14 14:04:32', '2018-09-14 14:04:32', 'Mayra Alexandra Castro Vargas'),
(53, '2018-09-14 14:04:34', '2018-09-14 14:04:34', 'Fredd Mamani Rosado'),
(54, '2018-09-14 14:04:34', '2018-09-14 14:04:34', 'Fredd Mamani Rosado'),
(55, '2018-09-14 14:05:06', '2018-09-14 14:05:06', 'Juan Pablo Apaza Atencio'),
(56, '2018-09-14 14:05:14', '2018-09-14 14:05:14', 'Yunior Copari Copaja'),
(57, '2018-09-14 14:06:16', '2018-09-14 14:06:16', 'Orlando Sergio Guillermo Mamani'),
(58, '2018-09-14 14:06:18', '2018-09-14 14:06:18', 'German Ginez Paye'),
(59, '2018-09-14 14:06:48', '2018-09-14 14:06:48', 'Lucio Fernando Choque Choquegonza'),
(60, '2018-09-14 14:06:53', '2018-09-14 14:06:53', 'Elio Yasmani Ccama Ccama'),
(61, '2018-09-14 14:07:26', '2018-09-14 14:07:26', 'Farnk Víthaly Turpo Apaza'),
(62, '2018-09-14 14:07:33', '2018-09-14 14:07:33', 'Diego Armando Condori Cabrera'),
(63, '2018-09-14 14:08:04', '2018-09-14 14:08:04', 'Erik coloma Quispe'),
(64, '2018-09-14 14:08:10', '2018-09-14 14:08:10', 'Julio César Choquehuayta Quenta'),
(65, '2018-09-14 14:08:36', '2018-09-15 13:41:57', 'Shirley Edith Esquivel Roque'),
(66, '2018-09-14 14:08:38', '2018-09-14 14:08:38', 'Richard Daniel Tarqui Rondon'),
(67, '2018-09-14 14:09:09', '2018-09-14 14:09:09', 'Rosa Condo Condo'),
(68, '2018-09-14 14:09:15', '2018-09-14 14:09:15', 'Ribaldo ignasio Saira Mamani'),
(69, '2018-09-14 14:09:15', '2018-09-14 14:09:15', 'Ribaldo ignasio Saira Mamani'),
(70, '2018-09-14 14:09:39', '2018-09-14 14:09:39', 'Alejandro Daniel Yanapa Chicalla'),
(71, '2018-09-14 14:09:47', '2018-09-14 14:09:47', 'Pedro Enqrique Haunqui Cornejo'),
(72, '2018-09-14 14:10:23', '2018-09-14 14:10:23', 'Helton Fabrizio Mamani Valdez'),
(73, '2018-09-14 14:10:26', '2018-09-14 14:10:26', 'Alexis Giosue Espinoza Chipana'),
(74, '2018-09-14 14:11:09', '2018-09-14 14:11:09', 'Ruth De Jesus Ramirez Rejas'),
(75, '2018-09-14 14:11:10', '2018-09-14 14:11:10', 'Angel Sebastian Quinto Huanca'),
(76, '2018-09-14 14:12:18', '2018-09-14 14:12:18', 'Cinthya Paola Guerreros Huanca'),
(77, '2018-09-14 14:12:20', '2018-09-14 14:12:20', 'Erica Laura Llanos'),
(78, '2018-09-14 14:12:54', '2018-09-14 14:12:54', 'Juan Alberto Flores Pari'),
(79, '2018-09-14 14:12:59', '2018-09-14 14:12:59', 'Jhonatan Maquera Vilcarana'),
(80, '2018-09-14 14:13:28', '2018-09-14 14:13:28', 'David Avelino García Paredes'),
(81, '2018-09-14 14:13:36', '2018-09-14 14:13:36', 'Josue Aldair Mamani Coriapaza'),
(82, '2018-09-14 14:14:03', '2018-09-14 14:14:03', 'Fabian Alexis Consilla Martinez'),
(83, '2018-09-14 14:14:18', '2018-09-14 14:14:18', 'Anyerson  Villaca Mamani'),
(84, '2018-09-14 14:14:37', '2018-09-14 14:14:37', 'Franklyn Mamani Romero'),
(85, '2018-09-14 14:15:00', '2018-09-14 14:15:00', 'Christian Castillo Sanca'),
(86, '2018-09-14 14:15:08', '2018-09-14 14:15:08', 'Jean Carlo Gomez Condori'),
(87, '2018-09-14 14:15:37', '2018-09-14 14:15:37', 'Cristian Elvis Choque Chile'),
(88, '2018-09-14 14:16:04', '2018-09-14 14:16:04', 'Jesus Angel Ccalli Ccalli'),
(89, '2018-09-14 14:16:12', '2018-09-14 14:16:12', 'Diego Alexander Estrada Cruz'),
(90, '2018-09-14 14:16:39', '2018-09-14 14:16:39', 'Dalthon Mamani Hualpa'),
(91, '2018-09-14 14:16:58', '2018-09-14 14:16:58', 'Maria Fernanda Zevallos Gomez'),
(92, '2018-09-14 14:17:07', '2018-09-14 14:17:07', 'Jhordy Esidio Mamani Acero'),
(93, '2018-09-14 14:17:38', '2018-09-14 14:17:38', 'Erick Fernando Condori Pérez'),
(94, '2018-09-14 14:17:44', '2018-09-14 14:17:44', 'Danna Quispe Flores'),
(95, '2018-09-14 14:18:05', '2018-09-14 14:18:05', 'Franz Chanini Mena'),
(96, '2018-09-14 14:18:36', '2018-09-14 14:18:36', 'Juan Jose Cruz Huaccho'),
(97, '2018-09-14 14:18:44', '2018-09-14 14:18:44', 'Lizbeth Patricio Cruz Huaccho'),
(98, '2018-09-14 14:19:25', '2018-09-14 14:19:25', 'Jhon Wilber Mendoza Chino'),
(99, '2018-09-14 14:19:42', '2018-09-14 14:19:42', 'Juan Eduardo Ticona Gomez'),
(100, '2018-09-14 14:22:15', '2018-09-14 14:22:15', 'Leandro André Ramos Valdéz'),
(101, '2018-09-14 14:22:42', '2018-09-14 14:22:42', 'Jesus Joseph Flores Yance'),
(102, '2018-09-14 14:23:08', '2018-09-14 14:23:08', 'Jhon Alvarado Chata'),
(103, '2018-09-14 14:23:40', '2018-09-14 14:23:40', 'Williams Lucio Mayta Yucra'),
(104, '2018-09-14 14:24:07', '2018-09-14 14:24:07', 'Cristian Incacutipa Perez'),
(105, '2018-09-14 14:24:39', '2018-09-14 14:24:39', 'Lizbeth Fiorella Zarate Cori'),
(106, '2018-09-14 14:27:23', '2018-09-14 14:27:23', 'Romel Nelson Roy Melchor Rosas'),
(107, '2018-09-14 14:28:04', '2018-09-14 14:28:04', 'Alberth Ronaldo Frisancho Ponce'),
(108, '2018-09-14 14:28:17', '2018-09-14 14:28:17', 'Jose Carlos Ramirez Mamani'),
(109, '2018-09-14 14:28:42', '2018-09-14 14:28:42', 'Percy RodrigoTapia Ramos'),
(110, '2018-09-14 14:29:23', '2018-09-14 14:29:23', 'Luis Antonio Neyra Melchor'),
(111, '2018-09-14 14:30:16', '2018-09-14 14:30:16', 'Daniel Rodrigo Chique Curmilluni'),
(112, '2018-09-14 14:31:37', '2018-09-14 14:31:37', 'Erbert Francisco Osco Mamani'),
(113, '2018-09-14 14:32:36', '2018-09-14 14:32:36', 'Frank Lupaca Lupaca'),
(114, '2018-09-14 14:36:24', '2018-09-14 14:36:24', 'Rolando Gutierrez Cutipa'),
(115, '2018-09-14 14:38:07', '2018-09-14 14:38:07', 'Elmer Abdon Candia Aguilar'),
(116, '2018-09-14 14:39:38', '2018-09-14 14:40:17', 'Brenda Brigitte Lopez Valera'),
(117, '2018-09-14 14:40:53', '2018-09-14 14:40:53', 'Walter Luis Catari Paccoricuna'),
(118, '2018-09-14 14:45:43', '2018-09-14 14:45:43', 'Walter Daniel Huaynapata Aguilar'),
(119, '2018-09-14 14:53:04', '2018-09-14 14:53:04', 'Eddy Antoni Quispe Huacani'),
(120, '2018-09-14 15:02:47', '2018-09-14 15:02:47', 'Lizeth Diana Sanca Padilla'),
(121, '2018-09-14 15:03:21', '2018-09-14 15:03:21', 'Jakelyn Sintecala Mulluni'),
(122, '2018-09-14 15:03:55', '2018-09-14 15:03:55', 'Richard Cecilio Pongo Ccama'),
(123, '2018-09-14 15:04:25', '2018-09-14 15:04:25', 'Williams Jack Puma Marca'),
(124, '2018-09-14 15:05:34', '2018-09-14 15:05:34', 'Johnny Edagardo Llanos Ticona'),
(125, '2018-09-14 15:06:35', '2018-09-14 15:06:35', 'Tony Bryan Melgarejo Nieto'),
(126, '2018-09-14 15:12:14', '2018-09-14 15:12:14', 'Roberto Carlos Inchuña Seqquera'),
(127, '2018-09-14 15:13:07', '2018-09-14 15:13:07', 'Heydi Hillary Chavez Condori'),
(128, '2018-09-14 15:13:14', '2018-09-14 15:13:14', 'Rolando Alvarez Cusi'),
(129, '2018-09-14 15:15:11', '2018-09-14 15:15:11', 'Fernando Jesús Tuyo Bernal'),
(130, '2018-09-14 15:18:09', '2018-09-14 15:18:09', 'Karin Yanet Supo Gavancho'),
(131, '2018-09-14 15:18:48', '2018-09-14 15:18:48', 'Hugo Manuel Barraza Vizcarra'),
(132, '2018-09-14 15:19:52', '2018-09-14 15:19:52', 'Arnold Christian Fabian Loaiza'),
(133, '2018-09-14 15:20:24', '2018-09-14 15:20:24', 'Aldo Alonso Pihuaycho Quispe'),
(134, '2018-09-14 15:30:13', '2018-09-14 15:30:13', 'Jampier Smith Vasquez Mija'),
(135, '2018-09-14 16:17:52', '2018-09-14 16:17:52', 'Alexis Joher Condori Catunta'),
(136, '2018-09-14 19:38:57', '2018-09-14 19:38:57', 'Ana Silvia Cori Moron'),
(137, '2018-09-14 19:44:38', '2018-09-14 19:44:38', 'DEYBIT ANTHONY CONDORI MAMANI'),
(138, '2018-09-14 19:53:05', '2018-09-14 19:53:05', 'EDSON JESUS HUALLPA LLUNCO'),
(139, '2018-09-14 19:53:06', '2018-09-14 19:57:56', 'Rodrigo Martin De la Cruz Choque'),
(140, '2018-09-14 19:58:30', '2018-09-14 19:58:30', 'Luis Orlando Quispe Yanada'),
(141, '2018-09-14 19:59:11', '2018-09-14 19:59:11', 'Cristian Chagua Montufar'),
(142, '2018-09-14 19:59:48', '2018-09-14 19:59:48', 'Ricardo Miguel De la Cruz Choque'),
(143, '2018-09-14 20:00:26', '2018-09-14 20:00:26', 'Kevin Daniel Bernabe Cutipa'),
(144, '2018-09-14 20:01:07', '2018-09-14 20:01:07', 'Giancarlo Rodriguez del Carpio'),
(145, '2018-09-14 20:05:56', '2018-09-14 20:05:56', 'Luis Benito Padilla Bacas'),
(146, '2018-09-14 20:11:45', '2018-09-14 20:11:45', 'Julio Cesar Anchapuri Catachura'),
(147, '2018-09-14 20:12:31', '2018-09-14 20:12:31', 'Gonzalo Fabricio Quispe Pari'),
(148, '2018-09-14 20:13:03', '2018-09-14 20:13:03', 'Davis Leonel Huallpa Rosa'),
(149, '2018-09-14 20:14:01', '2018-09-14 20:14:01', 'Edwin David Condori Sucasaca'),
(150, '2018-09-14 20:14:46', '2018-09-14 20:14:46', 'Eduardo Daniel Samuel Medina Cussi'),
(151, '2018-09-14 20:16:35', '2018-09-14 20:16:35', 'Guillermo Enrique Ucharico Maquera'),
(152, '2018-09-14 20:17:08', '2018-09-14 20:17:08', 'Mauricio Jose Flores Gomez'),
(153, '2018-09-14 20:22:30', '2018-09-14 20:22:30', 'Patrick Ariel Peralta Villegas'),
(154, '2018-09-14 20:25:00', '2018-09-14 20:25:00', 'Fernando Marcial Rondon Puma'),
(155, '2018-09-14 20:26:45', '2018-09-14 20:26:45', 'Roy Francisco Limachi Lipe'),
(156, '2018-09-14 20:27:18', '2018-09-14 20:27:18', 'Elvis Ruben Pacco Condori'),
(157, '2018-09-14 20:50:46', '2018-09-14 20:50:46', 'Ian Nathaniel Zarate Romero'),
(158, '2018-09-14 21:02:51', '2018-09-14 21:02:51', 'Kheyvin Derliz Arucutipa Cama'),
(159, '2018-09-14 21:35:32', '2018-09-14 21:35:32', 'Nestor Alexis Quispe calderon');

-- --------------------------------------------------------

--
-- Estructura de tabla para la tabla `translations`
--

CREATE TABLE `translations` (
  `id` int(10) UNSIGNED NOT NULL,
  `table_name` varchar(191) COLLATE utf8_unicode_ci NOT NULL,
  `column_name` varchar(191) COLLATE utf8_unicode_ci NOT NULL,
  `foreign_key` int(10) UNSIGNED NOT NULL,
  `locale` varchar(191) COLLATE utf8_unicode_ci NOT NULL,
  `value` text COLLATE utf8_unicode_ci NOT NULL,
  `created_at` timestamp NULL DEFAULT NULL,
  `updated_at` timestamp NULL DEFAULT NULL
) ENGINE=InnoDB DEFAULT CHARSET=utf8 COLLATE=utf8_unicode_ci ROW_FORMAT=DYNAMIC;

-- --------------------------------------------------------

--
-- Estructura de tabla para la tabla `users`
--

CREATE TABLE `users` (
  `id` int(10) UNSIGNED NOT NULL,
  `role_id` int(10) UNSIGNED DEFAULT NULL,
  `name` varchar(191) COLLATE utf8_unicode_ci NOT NULL,
  `email` varchar(191) COLLATE utf8_unicode_ci NOT NULL,
  `avatar` varchar(191) COLLATE utf8_unicode_ci DEFAULT 'users/default.png',
  `password` varchar(191) COLLATE utf8_unicode_ci NOT NULL,
  `remember_token` varchar(100) COLLATE utf8_unicode_ci DEFAULT NULL,
  `settings` text COLLATE utf8_unicode_ci,
  `created_at` timestamp NULL DEFAULT NULL,
  `updated_at` timestamp NULL DEFAULT NULL
) ENGINE=InnoDB DEFAULT CHARSET=utf8 COLLATE=utf8_unicode_ci ROW_FORMAT=DYNAMIC;

--
-- Volcado de datos para la tabla `users`
--

INSERT INTO `users` (`id`, `role_id`, `name`, `email`, `avatar`, `password`, `remember_token`, `settings`, `created_at`, `updated_at`) VALUES
(1, 1, 'Admin', 'admin@admin.com', 'users/September2018/7eERt4eJ0oLNZSqGxJa1.jpg', '$2y$10$g0eoAuR7UJQdyzDYbCTyleWwM9ypeIJh3lCpiBIrtmSMRTbXoHW0C', 'FbdzhTmXAZeHegvZpDXRaH3Pr2GAktJ37Xu5h5VnSpm7J7pMli1jKC3By2GI', '{\"locale\":\"en\"}', '2018-08-09 20:11:12', '2018-09-08 18:00:33'),
(2, 2, 'Organizador del CiiS', 'ciis_2018@gmail.com', 'users/August2018/1KixNncZHU6tkfZ3LlHS.jpg', '$2y$10$sBZ1MNlXwHMJ6.d.pdObC.4yuZK69LCeH53/1.Sf8V.IoZFHz4gk6', 'uVOOXLUqKdOkQ0CuXhVQGF7Or6Rpiov7edQUxiZt9ecHbYY5fdcOKzQm3Ibu', '{\"locale\":\"es\"}', '2018-08-14 08:55:57', '2018-08-14 08:55:57'),
(3, 2, 'Miriam Marisol Mamani Mamani', 'miriam.19.marisol@gmail.com', 'users/August2018/rUKpc51RqvITxrJgpGrp.jpg', '$2y$10$KHZoXd97xJ1oeiVe8.7RYeDmokZjiKyArepX5l5b5fGTf1Xs4gW6K', 'vtTAUR9MwWzHSCyyC5hQlGJpfZ31txrV3hJb5dTYihkTzyqYXw8sS3TZ9AJD', '{\"locale\":\"es\"}', '2018-08-14 19:13:55', '2018-08-14 19:31:24'),
(5, 1, 'Joel Vilca', 'joevil23tjq@gmail.com', 'users/default.png', '$2y$10$mCm/gI2Ia3hNhA6w3CXedOH26KpgaxHfn3.4sGje5TBIVIe/THDK6', NULL, '{\"locale\":\"es\"}', '2018-09-08 19:42:37', '2018-09-08 19:42:37'),
(6, 2, 'Isaias', 'isaiaslflores@gmail.com', 'users/default.png', '$2y$10$gWb/isCUI2J5hsSSVFHAEeLsTr94wph3r8.MiiTbyhhzyFNWuFt2e', 'ozMWouAvbeYDQvUGDZFERkJh4a5f0z8LoqkBVzKfyz7Hoj8FZl3gLbLWh5JJ', '{\"locale\":\"es\"}', '2018-09-12 21:21:52', '2018-09-12 21:21:52'),
(7, 2, 'Cesar Chacaliaza', 'cesarjeampierre@gmail.com', 'users/default.png', '$2y$10$fLtO4wmXwdqrW0jtqRp9IuI1zMvzTYn2vN.6g0GtaPqGvPqYKposC', NULL, '{\"locale\":\"es\"}', '2018-09-12 17:48:08', '2018-09-12 17:48:08'),
(8, 2, 'Richard Rodrigo Butrón Parihuana', 'rrbutronp@gmail.com', 'users/default.png', '$2y$10$eILtuyNMJQv0ss0e3ThS2udP4njd1avQWvpirLqDwDDJNKkmBcY9i', 'bdAePurWXJ2ItAZe4asdqhe3Cb4O9OKW5kUlB3k3lKe7T0w3hy8aG7SXC6MD', '{\"locale\":\"es\"}', '2018-09-14 00:10:40', '2018-09-14 00:12:31'),
(9, 2, 'ZaraMoon', 'z.alanoca@gmail.com', 'users/default.png', '$2y$10$4P/IBmUauUcql9iCeG1JCuDrCI7CJDflWug7wpiJzI2VC1.hlXiQe', NULL, '{\"locale\":\"es\"}', '2018-10-18 16:59:02', '2018-10-18 18:29:59');

-- --------------------------------------------------------

--
-- Estructura de tabla para la tabla `user_roles`
--

CREATE TABLE `user_roles` (
  `user_id` int(10) UNSIGNED NOT NULL,
  `role_id` int(10) UNSIGNED NOT NULL
) ENGINE=InnoDB DEFAULT CHARSET=utf8 COLLATE=utf8_unicode_ci ROW_FORMAT=DYNAMIC;

--
-- Volcado de datos para la tabla `user_roles`
--

INSERT INTO `user_roles` (`user_id`, `role_id`) VALUES
(2, 2),
(3, 2),
(5, 1),
(6, 2),
(7, 2),
(8, 2);

--
-- Índices para tablas volcadas
--

--
-- Indices de la tabla `assistence`
--
ALTER TABLE `assistence`
  ADD PRIMARY KEY (`id`);

--
-- Indices de la tabla `categories`
--
ALTER TABLE `categories`
  ADD PRIMARY KEY (`id`),
  ADD UNIQUE KEY `categories_slug_unique` (`slug`),
  ADD KEY `categories_parent_id_foreign` (`parent_id`);

--
-- Indices de la tabla `data_rows`
--
ALTER TABLE `data_rows`
  ADD PRIMARY KEY (`id`),
  ADD KEY `data_rows_data_type_id_foreign` (`data_type_id`);

--
-- Indices de la tabla `data_types`
--
ALTER TABLE `data_types`
  ADD PRIMARY KEY (`id`),
  ADD UNIQUE KEY `data_types_name_unique` (`name`),
  ADD UNIQUE KEY `data_types_slug_unique` (`slug`);

--
-- Indices de la tabla `menus`
--
ALTER TABLE `menus`
  ADD PRIMARY KEY (`id`),
  ADD UNIQUE KEY `menus_name_unique` (`name`);

--
-- Indices de la tabla `menu_items`
--
ALTER TABLE `menu_items`
  ADD PRIMARY KEY (`id`),
  ADD KEY `menu_items_menu_id_foreign` (`menu_id`);

--
-- Indices de la tabla `migrations`
--
ALTER TABLE `migrations`
  ADD PRIMARY KEY (`id`);

--
-- Indices de la tabla `pages`
--
ALTER TABLE `pages`
  ADD PRIMARY KEY (`id`),
  ADD UNIQUE KEY `pages_slug_unique` (`slug`);

--
-- Indices de la tabla `password_resets`
--
ALTER TABLE `password_resets`
  ADD KEY `password_resets_email_index` (`email`);

--
-- Indices de la tabla `permissions`
--
ALTER TABLE `permissions`
  ADD PRIMARY KEY (`id`),
  ADD KEY `permissions_key_index` (`key`);

--
-- Indices de la tabla `permission_role`
--
ALTER TABLE `permission_role`
  ADD PRIMARY KEY (`permission_id`,`role_id`),
  ADD KEY `permission_role_permission_id_index` (`permission_id`),
  ADD KEY `permission_role_role_id_index` (`role_id`);

--
-- Indices de la tabla `posts`
--
ALTER TABLE `posts`
  ADD PRIMARY KEY (`id`),
  ADD UNIQUE KEY `posts_slug_unique` (`slug`);

--
-- Indices de la tabla `registered`
--
ALTER TABLE `registered`
  ADD PRIMARY KEY (`id`);

--
-- Indices de la tabla `roles`
--
ALTER TABLE `roles`
  ADD PRIMARY KEY (`id`),
  ADD UNIQUE KEY `roles_name_unique` (`name`);

--
-- Indices de la tabla `schedules`
--
ALTER TABLE `schedules`
  ADD PRIMARY KEY (`id`);

--
-- Indices de la tabla `settings`
--
ALTER TABLE `settings`
  ADD PRIMARY KEY (`id`),
  ADD UNIQUE KEY `settings_key_unique` (`key`);

--
-- Indices de la tabla `students`
--
ALTER TABLE `students`
  ADD PRIMARY KEY (`id`);

--
-- Indices de la tabla `translations`
--
ALTER TABLE `translations`
  ADD PRIMARY KEY (`id`),
  ADD UNIQUE KEY `translations_table_name_column_name_foreign_key_locale_unique` (`table_name`,`column_name`,`foreign_key`,`locale`);

--
-- Indices de la tabla `users`
--
ALTER TABLE `users`
  ADD PRIMARY KEY (`id`),
  ADD UNIQUE KEY `users_email_unique` (`email`),
  ADD KEY `users_role_id_foreign` (`role_id`);

--
-- Indices de la tabla `user_roles`
--
ALTER TABLE `user_roles`
  ADD PRIMARY KEY (`user_id`,`role_id`),
  ADD KEY `user_roles_user_id_index` (`user_id`),
  ADD KEY `user_roles_role_id_index` (`role_id`);

--
-- AUTO_INCREMENT de las tablas volcadas
--

--
-- AUTO_INCREMENT de la tabla `assistence`
--
ALTER TABLE `assistence`
  MODIFY `id` int(10) UNSIGNED NOT NULL AUTO_INCREMENT, AUTO_INCREMENT=306;

--
-- AUTO_INCREMENT de la tabla `categories`
--
ALTER TABLE `categories`
  MODIFY `id` int(10) UNSIGNED NOT NULL AUTO_INCREMENT;

--
-- AUTO_INCREMENT de la tabla `data_rows`
--
ALTER TABLE `data_rows`
  MODIFY `id` int(10) UNSIGNED NOT NULL AUTO_INCREMENT, AUTO_INCREMENT=120;

--
-- AUTO_INCREMENT de la tabla `data_types`
--
ALTER TABLE `data_types`
  MODIFY `id` int(10) UNSIGNED NOT NULL AUTO_INCREMENT, AUTO_INCREMENT=16;

--
-- AUTO_INCREMENT de la tabla `menus`
--
ALTER TABLE `menus`
  MODIFY `id` int(10) UNSIGNED NOT NULL AUTO_INCREMENT, AUTO_INCREMENT=2;

--
-- AUTO_INCREMENT de la tabla `menu_items`
--
ALTER TABLE `menu_items`
  MODIFY `id` int(10) UNSIGNED NOT NULL AUTO_INCREMENT, AUTO_INCREMENT=20;

--
-- AUTO_INCREMENT de la tabla `migrations`
--
ALTER TABLE `migrations`
  MODIFY `id` int(10) UNSIGNED NOT NULL AUTO_INCREMENT, AUTO_INCREMENT=27;

--
-- AUTO_INCREMENT de la tabla `pages`
--
ALTER TABLE `pages`
  MODIFY `id` int(10) UNSIGNED NOT NULL AUTO_INCREMENT;

--
-- AUTO_INCREMENT de la tabla `permissions`
--
ALTER TABLE `permissions`
  MODIFY `id` int(10) UNSIGNED NOT NULL AUTO_INCREMENT, AUTO_INCREMENT=82;

--
-- AUTO_INCREMENT de la tabla `posts`
--
ALTER TABLE `posts`
  MODIFY `id` int(10) UNSIGNED NOT NULL AUTO_INCREMENT;

--
-- AUTO_INCREMENT de la tabla `registered`
--
ALTER TABLE `registered`
  MODIFY `id` int(10) UNSIGNED NOT NULL AUTO_INCREMENT, AUTO_INCREMENT=256;

--
-- AUTO_INCREMENT de la tabla `roles`
--
ALTER TABLE `roles`
  MODIFY `id` int(10) UNSIGNED NOT NULL AUTO_INCREMENT, AUTO_INCREMENT=3;

--
-- AUTO_INCREMENT de la tabla `schedules`
--
ALTER TABLE `schedules`
  MODIFY `id` int(10) UNSIGNED NOT NULL AUTO_INCREMENT, AUTO_INCREMENT=3;

--
-- AUTO_INCREMENT de la tabla `settings`
--
ALTER TABLE `settings`
  MODIFY `id` int(10) UNSIGNED NOT NULL AUTO_INCREMENT, AUTO_INCREMENT=11;

--
-- AUTO_INCREMENT de la tabla `students`
--
ALTER TABLE `students`
  MODIFY `id` int(10) UNSIGNED NOT NULL AUTO_INCREMENT, AUTO_INCREMENT=160;

--
-- AUTO_INCREMENT de la tabla `translations`
--
ALTER TABLE `translations`
  MODIFY `id` int(10) UNSIGNED NOT NULL AUTO_INCREMENT;

--
-- AUTO_INCREMENT de la tabla `users`
--
ALTER TABLE `users`
  MODIFY `id` int(10) UNSIGNED NOT NULL AUTO_INCREMENT, AUTO_INCREMENT=10;

--
-- Restricciones para tablas volcadas
--

--
-- Filtros para la tabla `categories`
--
ALTER TABLE `categories`
  ADD CONSTRAINT `categories_parent_id_foreign` FOREIGN KEY (`parent_id`) REFERENCES `categories` (`id`) ON DELETE SET NULL ON UPDATE CASCADE;

--
-- Filtros para la tabla `data_rows`
--
ALTER TABLE `data_rows`
  ADD CONSTRAINT `data_rows_data_type_id_foreign` FOREIGN KEY (`data_type_id`) REFERENCES `data_types` (`id`) ON DELETE CASCADE ON UPDATE CASCADE;

--
-- Filtros para la tabla `menu_items`
--
ALTER TABLE `menu_items`
  ADD CONSTRAINT `menu_items_menu_id_foreign` FOREIGN KEY (`menu_id`) REFERENCES `menus` (`id`) ON DELETE CASCADE;

--
-- Filtros para la tabla `permission_role`
--
ALTER TABLE `permission_role`
  ADD CONSTRAINT `permission_role_permission_id_foreign` FOREIGN KEY (`permission_id`) REFERENCES `permissions` (`id`) ON DELETE CASCADE,
  ADD CONSTRAINT `permission_role_role_id_foreign` FOREIGN KEY (`role_id`) REFERENCES `roles` (`id`) ON DELETE CASCADE;

--
-- Filtros para la tabla `users`
--
ALTER TABLE `users`
  ADD CONSTRAINT `users_role_id_foreign` FOREIGN KEY (`role_id`) REFERENCES `roles` (`id`);

--
-- Filtros para la tabla `user_roles`
--
ALTER TABLE `user_roles`
  ADD CONSTRAINT `user_roles_role_id_foreign` FOREIGN KEY (`role_id`) REFERENCES `roles` (`id`) ON DELETE CASCADE,
  ADD CONSTRAINT `user_roles_user_id_foreign` FOREIGN KEY (`user_id`) REFERENCES `users` (`id`) ON DELETE CASCADE;
COMMIT;

/*!40101 SET CHARACTER_SET_CLIENT=@OLD_CHARACTER_SET_CLIENT */;
/*!40101 SET CHARACTER_SET_RESULTS=@OLD_CHARACTER_SET_RESULTS */;
/*!40101 SET COLLATION_CONNECTION=@OLD_COLLATION_CONNECTION */;
